"id","is_core","is_boundary"
"10fthf5glu_c",TRUE,FALSE
"10fthf_c",TRUE,FALSE
"10m3hddcaACP_c",TRUE,FALSE
"10m3hundecACP_c",TRUE,FALSE
"10m3oddcaACP_c",TRUE,FALSE
"10m3oundecACP_c",TRUE,FALSE
"10mddcaACP_c",TRUE,FALSE
"10mtddec2eACP_c",TRUE,FALSE
"10mtundec2eACP_c",TRUE,FALSE
"10mundecACP_c",TRUE,FALSE
"11m3hddcaACP_c",TRUE,FALSE
"11m3oddcaACP_c",TRUE,FALSE
"11mddcaACP_c",TRUE,FALSE
"11mtddec2eACP_c",TRUE,FALSE
"12daihdglyc_c",TRUE,FALSE
"12daipdglyc_c",TRUE,FALSE
"12dgr120_c",TRUE,FALSE
"12dgr140_c",TRUE,FALSE
"12dgr141_c",TRUE,FALSE
"12dgr160_c",TRUE,FALSE
"12dgr161_c",TRUE,FALSE
"12dgr180_c",TRUE,FALSE
"12dgr181_c",TRUE,FALSE
"12dihdglyc_c",TRUE,FALSE
"12dipdglyc_c",TRUE,FALSE
"12ditdglyc_c",TRUE,FALSE
"12dixdglyc_c",TRUE,FALSE
"12m3hmyrsACP_c",TRUE,FALSE
"12m3htridecACP_c",TRUE,FALSE
"12m3omyrsACP_c",TRUE,FALSE
"12m3otridecACP_c",TRUE,FALSE
"12mmyrsACP_c",TRUE,FALSE
"12mtmrs2eACP_c",TRUE,FALSE
"12mtridecACP_c",TRUE,FALSE
"12mttritec2eACP_c",TRUE,FALSE
"12ppd__S_c",TRUE,FALSE
"12ppd__S_e",TRUE,FALSE
"13dpg_c",TRUE,FALSE
"13m3hmyrsACP_c",TRUE,FALSE
"13m3omyrsACP_c",TRUE,FALSE
"13mmyrsACP_c",TRUE,FALSE
"13mtmrs2eACP_c",TRUE,FALSE
"14m3hpalmACP_c",TRUE,FALSE
"14m3hpentdecACP_c",TRUE,FALSE
"14m3opalmACP_c",TRUE,FALSE
"14m3opentdecACP_c",TRUE,FALSE
"14mpalmACP_c",TRUE,FALSE
"14mpentdecACP_c",TRUE,FALSE
"14mtpalm2eACP_c",TRUE,FALSE
"14mtpentdec2eACP_c",TRUE,FALSE
"15dap_c",TRUE,FALSE
"15dap_e",TRUE,FALSE
"15m3hpalmACP_c",TRUE,FALSE
"15m3opalmACP_c",TRUE,FALSE
"15mpalmACP_c",TRUE,FALSE
"15mtpalm2eACP_c",TRUE,FALSE
"1agpe120_c",TRUE,FALSE
"1agpe140_c",TRUE,FALSE
"1agpe141_c",TRUE,FALSE
"1agpe160_c",TRUE,FALSE
"1agpe161_c",TRUE,FALSE
"1agpe180_c",TRUE,FALSE
"1agpe181_c",TRUE,FALSE
"1agpg120_c",TRUE,FALSE
"1agpg140_c",TRUE,FALSE
"1agpg141_c",TRUE,FALSE
"1agpg160_c",TRUE,FALSE
"1agpg161_c",TRUE,FALSE
"1agpg180_c",TRUE,FALSE
"1agpg181_c",TRUE,FALSE
"1aihpdecg3p_c",TRUE,FALSE
"1aipdecg3p_c",TRUE,FALSE
"1ddecg3p_c",TRUE,FALSE
"1hdec9eg3p_c",TRUE,FALSE
"1hdecg3p_c",TRUE,FALSE
"1ihdecg3p_c",TRUE,FALSE
"1ihpdecg3p_c",TRUE,FALSE
"1ipdecg3p_c",TRUE,FALSE
"1itdecg3p_c",TRUE,FALSE
"1odec11eg3p_c",TRUE,FALSE
"1odecg3p_c",TRUE,FALSE
"1p3h5c_c",TRUE,FALSE
"1pipdn2c_c",TRUE,FALSE
"1pyr5c_c",TRUE,FALSE
"1tdec7eg3p_c",TRUE,FALSE
"1tdecg3p_c",TRUE,FALSE
"23camp_c",TRUE,FALSE
"23ccmp_c",TRUE,FALSE
"23cgmp_c",TRUE,FALSE
"23cump_c",TRUE,FALSE
"23ddhb_c",TRUE,FALSE
"23dhb_c",TRUE,FALSE
"23dhba_c",TRUE,FALSE
"23dhdp_c",TRUE,FALSE
"23dhmb_c",TRUE,FALSE
"23dhmp_c",TRUE,FALSE
"23doguln_c",TRUE,FALSE
"25aics_c",TRUE,FALSE
"25dhpp_c",TRUE,FALSE
"25dkglcn_c",TRUE,FALSE
"26dap__LL_c",TRUE,FALSE
"26dap__M_c",TRUE,FALSE
"2agpe120_c",TRUE,FALSE
"2agpe140_c",TRUE,FALSE
"2agpe141_c",TRUE,FALSE
"2agpe160_c",TRUE,FALSE
"2agpe161_c",TRUE,FALSE
"2agpe180_c",TRUE,FALSE
"2agpe181_c",TRUE,FALSE
"2agpg120_c",TRUE,FALSE
"2agpg140_c",TRUE,FALSE
"2agpg141_c",TRUE,FALSE
"2agpg160_c",TRUE,FALSE
"2agpg161_c",TRUE,FALSE
"2agpg180_c",TRUE,FALSE
"2agpg181_c",TRUE,FALSE
"2ahbut_c",TRUE,FALSE
"2ahhmd_c",TRUE,FALSE
"2ahhmp_c",TRUE,FALSE
"2aobut_c",TRUE,FALSE
"2cpr5p_c",TRUE,FALSE
"2dda7p_c",TRUE,FALSE
"2ddecg3p_c",TRUE,FALSE
"2ddg6p_c",TRUE,FALSE
"2ddglcn_c",TRUE,FALSE
"2ddglcn_e",TRUE,FALSE
"2dh3dgal6p_c",TRUE,FALSE
"2dh3dgal_c",TRUE,FALSE
"2dh3dglc_c",TRUE,FALSE
"2dhglcn_c",TRUE,FALSE
"2dhguln_c",TRUE,FALSE
"2dhp_c",TRUE,FALSE
"2dmmq8_c",TRUE,FALSE
"2dmmql8_c",TRUE,FALSE
"2dr1p_c",TRUE,FALSE
"2dr5p_c",TRUE,FALSE
"2h3oppan_c",TRUE,FALSE
"2hdec9eg3p_c",TRUE,FALSE
"2hdecg3p_c",TRUE,FALSE
"2hymeph_c",TRUE,FALSE
"2ippm_c",TRUE,FALSE
"2maacoa_c",TRUE,FALSE
"2mahmp_c",TRUE,FALSE
"2mb2coa_c",TRUE,FALSE
"2mbcoa_c",TRUE,FALSE
"2mbutACP_c",TRUE,FALSE
"2mcacn_c",TRUE,FALSE
"2mcit_c",TRUE,FALSE
"2me4p_c",TRUE,FALSE
"2mecdp_c",TRUE,FALSE
"2mop_c",TRUE,FALSE
"2mp2coa_c",TRUE,FALSE
"2mpropACP_c",TRUE,FALSE
"2obut_c",TRUE,FALSE
"2odec11eg3p_c",TRUE,FALSE
"2odecg3p_c",TRUE,FALSE
"2ohph_c",TRUE,FALSE
"2ombz_c",TRUE,FALSE
"2ommb_c",TRUE,FALSE
"2omph_c",TRUE,FALSE
"2oph_c",TRUE,FALSE
"2p4c2me_c",TRUE,FALSE
"2pg_c",TRUE,FALSE
"2pglyc_c",TRUE,FALSE
"2s5epchc_c",TRUE,FALSE
"2shchc_c",TRUE,FALSE
"2tdec7eg3p_c",TRUE,FALSE
"2tdecg3p_c",TRUE,FALSE
"33hmeoxobut_c",TRUE,FALSE
"34hpp_c",TRUE,FALSE
"3a2opp_c",TRUE,FALSE
"3amp_c",TRUE,FALSE
"3c2hmp_c",TRUE,FALSE
"3c3hmp_c",TRUE,FALSE
"3c4mop_c",TRUE,FALSE
"3cmp_c",TRUE,FALSE
"3dhguln_c",TRUE,FALSE
"3dhgulnp_c",TRUE,FALSE
"3dhq_c",TRUE,FALSE
"3dhsk_c",TRUE,FALSE
"3gmp_c",TRUE,FALSE
"3h3mop_c",TRUE,FALSE
"3haACP_c",TRUE,FALSE
"3hadpcoa_c",TRUE,FALSE
"3hbcoa_c",TRUE,FALSE
"3hbcoa__R_c",TRUE,FALSE
"3hcinnm_c",TRUE,FALSE
"3hdcoa_c",TRUE,FALSE
"3hddcoa_c",TRUE,FALSE
"3hddecACP_c",TRUE,FALSE
"3hdecACP_c",TRUE,FALSE
"3hgACPm_c",TRUE,FALSE
"3hhcoa_c",TRUE,FALSE
"3hhdcoa_c",TRUE,FALSE
"3hhexACP_c",TRUE,FALSE
"3hibutcoa_c",TRUE,FALSE
"3hmbcoa_c",TRUE,FALSE
"3hmp_c",TRUE,FALSE
"3hmrsACP_c",TRUE,FALSE
"3hocoa_c",TRUE,FALSE
"3hoctACP_c",TRUE,FALSE
"3hoctaACP_c",TRUE,FALSE
"3hpACPm_c",TRUE,FALSE
"3hpalmACP_c",TRUE,FALSE
"3hpppn_c",TRUE,FALSE
"3hpppn_e",TRUE,FALSE
"3htdcoa_c",TRUE,FALSE
"3ig3p_c",TRUE,FALSE
"3mbutACP_c",TRUE,FALSE
"3mob_c",TRUE,FALSE
"3mop_c",TRUE,FALSE
"3odcoa_c",TRUE,FALSE
"3oddcoa_c",TRUE,FALSE
"3oddecACP_c",TRUE,FALSE
"3odecACP_c",TRUE,FALSE
"3ogACPm_c",TRUE,FALSE
"3ohcoa_c",TRUE,FALSE
"3ohdcoa_c",TRUE,FALSE
"3ohexACP_c",TRUE,FALSE
"3omrsACP_c",TRUE,FALSE
"3oocoa_c",TRUE,FALSE
"3ooctACP_c",TRUE,FALSE
"3ooctdACP_c",TRUE,FALSE
"3opACPm_c",TRUE,FALSE
"3opalmACP_c",TRUE,FALSE
"3ophb_c",TRUE,FALSE
"3otdcoa_c",TRUE,FALSE
"3padsel_c",TRUE,FALSE
"3pg_c",TRUE,FALSE
"3php_c",TRUE,FALSE
"3psme_c",TRUE,FALSE
"3ump_c",TRUE,FALSE
"4abut_c",TRUE,FALSE
"4abut_e",TRUE,FALSE
"4abutn_c",TRUE,FALSE
"4abz_c",TRUE,FALSE
"4adcho_c",TRUE,FALSE
"4ahmmp_c",TRUE,FALSE
"4ampm_c",TRUE,FALSE
"4c2me_c",TRUE,FALSE
"4h2oglt_c",TRUE,FALSE
"4h2opntn_c",TRUE,FALSE
"4hba_c",TRUE,FALSE
"4hbz_c",TRUE,FALSE
"4hbz_e",TRUE,FALSE
"4hoxpacd_c",TRUE,FALSE
"4hoxpacd_e",TRUE,FALSE
"4hpro__LT_c",TRUE,FALSE
"4hthr_c",TRUE,FALSE
"4m3hhexACP_c",TRUE,FALSE
"4m3hpentACP_c",TRUE,FALSE
"4m3ohexACP_c",TRUE,FALSE
"4m3opentACP_c",TRUE,FALSE
"4mhetz_c",TRUE,FALSE
"4mhexACP_c",TRUE,FALSE
"4mop_c",TRUE,FALSE
"4mpentACP_c",TRUE,FALSE
"4mpetz_c",TRUE,FALSE
"4mthex2eACP_c",TRUE,FALSE
"4mtpent2eACP_c",TRUE,FALSE
"4pasp_c",TRUE,FALSE
"4per_c",TRUE,FALSE
"4ppan_c",TRUE,FALSE
"4ppcys_c",TRUE,FALSE
"4r5au_c",TRUE,FALSE
"56dthm_c",TRUE,FALSE
"56dura_c",TRUE,FALSE
"5aizc_c",TRUE,FALSE
"5aop_c",TRUE,FALSE
"5aprbu_c",TRUE,FALSE
"5apru_c",TRUE,FALSE
"5aptn_c",TRUE,FALSE
"5dglcn_c",TRUE,FALSE
"5dh4dglc_c",TRUE,FALSE
"5drib_c",TRUE,FALSE
"5fthf_c",TRUE,FALSE
"5hxudidzcba_c",TRUE,FALSE
"5m3hhexACP_c",TRUE,FALSE
"5m3ohexACP_c",TRUE,FALSE
"5mhexACP_c",TRUE,FALSE
"5mta_c",TRUE,FALSE
"5mtc_c",TRUE,FALSE
"5mthex2eACP_c",TRUE,FALSE
"5mthf_c",TRUE,FALSE
"5mthglu_c",TRUE,FALSE
"5mtr_c",TRUE,FALSE
"5prdmbz_c",TRUE,FALSE
"5thf_c",TRUE,FALSE
"6a2ohxnt_c",TRUE,FALSE
"6hmhpt_c",TRUE,FALSE
"6hmhptpp_c",TRUE,FALSE
"6m3hheptACP_c",TRUE,FALSE
"6m3hocACP_c",TRUE,FALSE
"6m3oheptACP_c",TRUE,FALSE
"6m3oocACP_c",TRUE,FALSE
"6mheptACP_c",TRUE,FALSE
"6mocACP_c",TRUE,FALSE
"6mthept2eACP_c",TRUE,FALSE
"6mtoct2eACP_c",TRUE,FALSE
"6pgc_c",TRUE,FALSE
"6pgg_c",TRUE,FALSE
"6pgl_c",TRUE,FALSE
"7dhcdchol_e",TRUE,FALSE
"7m3hocACP_c",TRUE,FALSE
"7m3oocACP_c",TRUE,FALSE
"7mocACP_c",TRUE,FALSE
"7mtoct2eACP_c",TRUE,FALSE
"7ocholate_c",TRUE,FALSE
"7ocholate_e",TRUE,FALSE
"8aonn_c",TRUE,FALSE
"8m3hdcaACP_c",TRUE,FALSE
"8m3hnonACP_c",TRUE,FALSE
"8m3odcaACP_c",TRUE,FALSE
"8m3ononACP_c",TRUE,FALSE
"8mdcaACP_c",TRUE,FALSE
"8mnonACP_c",TRUE,FALSE
"8mtdec2eACP_c",TRUE,FALSE
"8mtnon2eACP_c",TRUE,FALSE
"9m3hdcaACP_c",TRUE,FALSE
"9m3odcaACP_c",TRUE,FALSE
"9mdcaACP_c",TRUE,FALSE
"9mtdec2eACP_c",TRUE,FALSE
"ACP_c",TRUE,FALSE
"C02528_e",TRUE,FALSE
"C11821_c",TRUE,FALSE
"CE5656_c",TRUE,FALSE
"HC00695_c",TRUE,FALSE
"HC00955_c",TRUE,FALSE
"HC01104_c",TRUE,FALSE
"HC01434_c",TRUE,FALSE
"HC01435_c",TRUE,FALSE
"HC01577_c",TRUE,FALSE
"HC01609_c",TRUE,FALSE
"HC01651_c",TRUE,FALSE
"HC01652_c",TRUE,FALSE
"HC01668_c",TRUE,FALSE
"HC01700_c",TRUE,FALSE
"HC01710_c",TRUE,FALSE
"L2aadp6sa_c",TRUE,FALSE
"Largn_c",TRUE,FALSE
"Lcyst_c",TRUE,FALSE
"Lcyst_e",TRUE,FALSE
"MGlcn100_e",TRUE,FALSE
"MGlcn100__rl_e",TRUE,FALSE
"MGlcn101_e",TRUE,FALSE
"MGlcn101__rl_e",TRUE,FALSE
"MGlcn102_e",TRUE,FALSE
"MGlcn102__rl_e",TRUE,FALSE
"MGlcn104_e",TRUE,FALSE
"MGlcn104__rl_e",TRUE,FALSE
"MGlcn105_e",TRUE,FALSE
"MGlcn105__rl_e",TRUE,FALSE
"MGlcn106_e",TRUE,FALSE
"MGlcn106__rl_e",TRUE,FALSE
"MGlcn107_e",TRUE,FALSE
"MGlcn107__rl_e",TRUE,FALSE
"MGlcn109_e",TRUE,FALSE
"MGlcn109__rl_e",TRUE,FALSE
"MGlcn110_e",TRUE,FALSE
"MGlcn110__rl_e",TRUE,FALSE
"MGlcn111_e",TRUE,FALSE
"MGlcn111__rl_e",TRUE,FALSE
"MGlcn112_e",TRUE,FALSE
"MGlcn112__rl_e",TRUE,FALSE
"MGlcn113_e",TRUE,FALSE
"MGlcn113__rl_e",TRUE,FALSE
"MGlcn114_e",TRUE,FALSE
"MGlcn114__rl_e",TRUE,FALSE
"MGlcn115_e",TRUE,FALSE
"MGlcn115__rl_e",TRUE,FALSE
"MGlcn117_e",TRUE,FALSE
"MGlcn117__rl_e",TRUE,FALSE
"MGlcn120_e",TRUE,FALSE
"MGlcn120__rl_e",TRUE,FALSE
"MGlcn126_e",TRUE,FALSE
"MGlcn126__rl_e",TRUE,FALSE
"MGlcn12_e",TRUE,FALSE
"MGlcn12__rl_e",TRUE,FALSE
"MGlcn130_e",TRUE,FALSE
"MGlcn130__rl_e",TRUE,FALSE
"MGlcn131_e",TRUE,FALSE
"MGlcn131__rl_e",TRUE,FALSE
"MGlcn137_e",TRUE,FALSE
"MGlcn137__rl_e",TRUE,FALSE
"MGlcn138_e",TRUE,FALSE
"MGlcn138__rl_e",TRUE,FALSE
"MGlcn139_e",TRUE,FALSE
"MGlcn139__rl_e",TRUE,FALSE
"MGlcn13_e",TRUE,FALSE
"MGlcn13__rl_e",TRUE,FALSE
"MGlcn140_e",TRUE,FALSE
"MGlcn140__rl_e",TRUE,FALSE
"MGlcn141_e",TRUE,FALSE
"MGlcn141__rl_e",TRUE,FALSE
"MGlcn142_e",TRUE,FALSE
"MGlcn142__rl_e",TRUE,FALSE
"MGlcn143_e",TRUE,FALSE
"MGlcn143__rl_e",TRUE,FALSE
"MGlcn144_e",TRUE,FALSE
"MGlcn144__rl_e",TRUE,FALSE
"MGlcn145_e",TRUE,FALSE
"MGlcn145__rl_e",TRUE,FALSE
"MGlcn146_e",TRUE,FALSE
"MGlcn146__rl_e",TRUE,FALSE
"MGlcn147_e",TRUE,FALSE
"MGlcn147__rl_e",TRUE,FALSE
"MGlcn148_e",TRUE,FALSE
"MGlcn148__rl_e",TRUE,FALSE
"MGlcn149_e",TRUE,FALSE
"MGlcn149__rl_e",TRUE,FALSE
"MGlcn14_e",TRUE,FALSE
"MGlcn14__rl_e",TRUE,FALSE
"MGlcn150_e",TRUE,FALSE
"MGlcn150__rl_e",TRUE,FALSE
"MGlcn151_e",TRUE,FALSE
"MGlcn151__rl_e",TRUE,FALSE
"MGlcn152_e",TRUE,FALSE
"MGlcn152__rl_e",TRUE,FALSE
"MGlcn153_e",TRUE,FALSE
"MGlcn153__rl_e",TRUE,FALSE
"MGlcn154_e",TRUE,FALSE
"MGlcn154__rl_e",TRUE,FALSE
"MGlcn155_e",TRUE,FALSE
"MGlcn155__rl_e",TRUE,FALSE
"MGlcn156_e",TRUE,FALSE
"MGlcn156__rl_e",TRUE,FALSE
"MGlcn157_e",TRUE,FALSE
"MGlcn157__rl_e",TRUE,FALSE
"MGlcn158_e",TRUE,FALSE
"MGlcn158__rl_e",TRUE,FALSE
"MGlcn159_e",TRUE,FALSE
"MGlcn159__rl_e",TRUE,FALSE
"MGlcn160_e",TRUE,FALSE
"MGlcn160__rl_e",TRUE,FALSE
"MGlcn161_e",TRUE,FALSE
"MGlcn161__rl_e",TRUE,FALSE
"MGlcn163_e",TRUE,FALSE
"MGlcn163__rl_e",TRUE,FALSE
"MGlcn164_e",TRUE,FALSE
"MGlcn164__rl_e",TRUE,FALSE
"MGlcn165_e",TRUE,FALSE
"MGlcn165__rl_e",TRUE,FALSE
"MGlcn166_e",TRUE,FALSE
"MGlcn166__rl_e",TRUE,FALSE
"MGlcn167_e",TRUE,FALSE
"MGlcn167__rl_e",TRUE,FALSE
"MGlcn168_e",TRUE,FALSE
"MGlcn168__rl_e",TRUE,FALSE
"MGlcn169_e",TRUE,FALSE
"MGlcn169__rl_e",TRUE,FALSE
"MGlcn16_e",TRUE,FALSE
"MGlcn16__rl_e",TRUE,FALSE
"MGlcn170_e",TRUE,FALSE
"MGlcn170__rl_e",TRUE,FALSE
"MGlcn171_e",TRUE,FALSE
"MGlcn171__rl_e",TRUE,FALSE
"MGlcn172_e",TRUE,FALSE
"MGlcn172__rl_e",TRUE,FALSE
"MGlcn173_e",TRUE,FALSE
"MGlcn173__rl_e",TRUE,FALSE
"MGlcn174_e",TRUE,FALSE
"MGlcn174__rl_e",TRUE,FALSE
"MGlcn175_e",TRUE,FALSE
"MGlcn175__rl_e",TRUE,FALSE
"MGlcn176_e",TRUE,FALSE
"MGlcn176__rl_e",TRUE,FALSE
"MGlcn177_e",TRUE,FALSE
"MGlcn177__rl_e",TRUE,FALSE
"MGlcn178_e",TRUE,FALSE
"MGlcn178__rl_e",TRUE,FALSE
"MGlcn179_e",TRUE,FALSE
"MGlcn179__rl_e",TRUE,FALSE
"MGlcn180_e",TRUE,FALSE
"MGlcn180__rl_e",TRUE,FALSE
"MGlcn181_e",TRUE,FALSE
"MGlcn181__rl_e",TRUE,FALSE
"MGlcn182_e",TRUE,FALSE
"MGlcn182__rl_e",TRUE,FALSE
"MGlcn18_e",TRUE,FALSE
"MGlcn18__rl_e",TRUE,FALSE
"MGlcn195_e",TRUE,FALSE
"MGlcn195__rl_e",TRUE,FALSE
"MGlcn196_e",TRUE,FALSE
"MGlcn196__rl_e",TRUE,FALSE
"MGlcn21_e",TRUE,FALSE
"MGlcn21__rl_e",TRUE,FALSE
"MGlcn22_e",TRUE,FALSE
"MGlcn22__rl_e",TRUE,FALSE
"MGlcn23_e",TRUE,FALSE
"MGlcn23__rl_e",TRUE,FALSE
"MGlcn25_e",TRUE,FALSE
"MGlcn25__rl_e",TRUE,FALSE
"MGlcn26_e",TRUE,FALSE
"MGlcn26__rl_e",TRUE,FALSE
"MGlcn27_e",TRUE,FALSE
"MGlcn27__rl_e",TRUE,FALSE
"MGlcn28_e",TRUE,FALSE
"MGlcn28__rl_e",TRUE,FALSE
"MGlcn29_e",TRUE,FALSE
"MGlcn29__rl_e",TRUE,FALSE
"MGlcn2_e",TRUE,FALSE
"MGlcn2__rl_e",TRUE,FALSE
"MGlcn30_e",TRUE,FALSE
"MGlcn30__rl_e",TRUE,FALSE
"MGlcn31_e",TRUE,FALSE
"MGlcn31__rl_e",TRUE,FALSE
"MGlcn32_e",TRUE,FALSE
"MGlcn32__rl_e",TRUE,FALSE
"MGlcn34_e",TRUE,FALSE
"MGlcn34__rl_e",TRUE,FALSE
"MGlcn35_e",TRUE,FALSE
"MGlcn35__rl_e",TRUE,FALSE
"MGlcn36_e",TRUE,FALSE
"MGlcn36__rl_e",TRUE,FALSE
"MGlcn39_e",TRUE,FALSE
"MGlcn39__rl_e",TRUE,FALSE
"MGlcn3_e",TRUE,FALSE
"MGlcn3__rl_e",TRUE,FALSE
"MGlcn42_e",TRUE,FALSE
"MGlcn42__rl_e",TRUE,FALSE
"MGlcn45_e",TRUE,FALSE
"MGlcn45__rl_e",TRUE,FALSE
"MGlcn46_e",TRUE,FALSE
"MGlcn46__rl_e",TRUE,FALSE
"MGlcn48_e",TRUE,FALSE
"MGlcn48__rl_e",TRUE,FALSE
"MGlcn4_e",TRUE,FALSE
"MGlcn4__rl_e",TRUE,FALSE
"MGlcn51_e",TRUE,FALSE
"MGlcn51__rl_e",TRUE,FALSE
"MGlcn53_e",TRUE,FALSE
"MGlcn53__rl_e",TRUE,FALSE
"MGlcn55_e",TRUE,FALSE
"MGlcn55__rl_e",TRUE,FALSE
"MGlcn56_e",TRUE,FALSE
"MGlcn56__rl_e",TRUE,FALSE
"MGlcn57_e",TRUE,FALSE
"MGlcn57__rl_e",TRUE,FALSE
"MGlcn58_e",TRUE,FALSE
"MGlcn58__rl_e",TRUE,FALSE
"MGlcn5_e",TRUE,FALSE
"MGlcn5__rl_e",TRUE,FALSE
"MGlcn61_e",TRUE,FALSE
"MGlcn61__rl_e",TRUE,FALSE
"MGlcn64_e",TRUE,FALSE
"MGlcn64__rl_e",TRUE,FALSE
"MGlcn65_e",TRUE,FALSE
"MGlcn65__rl_e",TRUE,FALSE
"MGlcn66_e",TRUE,FALSE
"MGlcn66__rl_e",TRUE,FALSE
"MGlcn68_e",TRUE,FALSE
"MGlcn68__rl_e",TRUE,FALSE
"MGlcn69_e",TRUE,FALSE
"MGlcn69__rl_e",TRUE,FALSE
"MGlcn6_e",TRUE,FALSE
"MGlcn6__rl_e",TRUE,FALSE
"MGlcn70_e",TRUE,FALSE
"MGlcn70__rl_e",TRUE,FALSE
"MGlcn71_e",TRUE,FALSE
"MGlcn71__rl_e",TRUE,FALSE
"MGlcn72_e",TRUE,FALSE
"MGlcn72__rl_e",TRUE,FALSE
"MGlcn74_e",TRUE,FALSE
"MGlcn74__rl_e",TRUE,FALSE
"MGlcn75_e",TRUE,FALSE
"MGlcn75__rl_e",TRUE,FALSE
"MGlcn77_e",TRUE,FALSE
"MGlcn77__rl_e",TRUE,FALSE
"MGlcn78_e",TRUE,FALSE
"MGlcn78__rl_e",TRUE,FALSE
"MGlcn79_e",TRUE,FALSE
"MGlcn79__rl_e",TRUE,FALSE
"MGlcn80_e",TRUE,FALSE
"MGlcn80__rl_e",TRUE,FALSE
"MGlcn81_e",TRUE,FALSE
"MGlcn81__rl_e",TRUE,FALSE
"MGlcn82_e",TRUE,FALSE
"MGlcn82__rl_e",TRUE,FALSE
"MGlcn83_e",TRUE,FALSE
"MGlcn83__rl_e",TRUE,FALSE
"MGlcn84_e",TRUE,FALSE
"MGlcn84__rl_e",TRUE,FALSE
"MGlcn85_e",TRUE,FALSE
"MGlcn85__rl_e",TRUE,FALSE
"MGlcn90_e",TRUE,FALSE
"MGlcn90__rl_e",TRUE,FALSE
"MGlcn91_e",TRUE,FALSE
"MGlcn91__rl_e",TRUE,FALSE
"MGlcn92_e",TRUE,FALSE
"MGlcn92__rl_e",TRUE,FALSE
"MGlcn93_e",TRUE,FALSE
"MGlcn93__rl_e",TRUE,FALSE
"MGlcn94_e",TRUE,FALSE
"MGlcn94__rl_e",TRUE,FALSE
"MGlcn95_e",TRUE,FALSE
"MGlcn95__rl_e",TRUE,FALSE
"MGlcn96_e",TRUE,FALSE
"MGlcn96__rl_e",TRUE,FALSE
"MGlcn97_e",TRUE,FALSE
"MGlcn97__rl_e",TRUE,FALSE
"MGlcn98_e",TRUE,FALSE
"MGlcn98__rl_e",TRUE,FALSE
"MGlcn99_e",TRUE,FALSE
"MGlcn99__rl_e",TRUE,FALSE
"N1aspmd_c",TRUE,FALSE
"Naccitr__L_c",TRUE,FALSE
"PGP_c",TRUE,FALSE
"PGPm1_c",TRUE,FALSE
"T__antigen_e",TRUE,FALSE
"Tn__antigen_e",TRUE,FALSE
"aacald_c",TRUE,FALSE
"aacoa_c",TRUE,FALSE
"aact_c",TRUE,FALSE
"acACP_c",TRUE,FALSE
"ac_c",TRUE,FALSE
"ac_e",TRUE,FALSE
"acac_c",TRUE,FALSE
"acac_e",TRUE,FALSE
"acald_c",TRUE,FALSE
"acald_e",TRUE,FALSE
"accoa_c",TRUE,FALSE
"acg5p_c",TRUE,FALSE
"acg5sa_c",TRUE,FALSE
"acgal6p_c",TRUE,FALSE
"acgal_c",TRUE,FALSE
"acgal_e",TRUE,FALSE
"acgam1p_c",TRUE,FALSE
"acgam6p_c",TRUE,FALSE
"acgam_e",TRUE,FALSE
"acglu_c",TRUE,FALSE
"achms_c",TRUE,FALSE
"acmalt_c",TRUE,FALSE
"acmana_c",TRUE,FALSE
"acmanap_c",TRUE,FALSE
"acnam2a6agal_e",TRUE,FALSE
"acnam_c",TRUE,FALSE
"acnam_e",TRUE,FALSE
"acon__C_c",TRUE,FALSE
"acon__T_c",TRUE,FALSE
"aconm_c",TRUE,FALSE
"acorn_c",TRUE,FALSE
"acser_c",TRUE,FALSE
"actACP_c",TRUE,FALSE
"actp_c",TRUE,FALSE
"adcobdam_c",TRUE,FALSE
"ade_c",TRUE,FALSE
"adhlam_c",TRUE,FALSE
"adn_c",TRUE,FALSE
"adn_e",TRUE,FALSE
"adocbi_c",TRUE,FALSE
"adocbip_c",TRUE,FALSE
"adocbl_c",TRUE,FALSE
"adocbl_e",TRUE,FALSE
"adp_c",TRUE,FALSE
"adpglc_c",TRUE,FALSE
"adphep__DD_c",TRUE,FALSE
"adphep__LD_c",TRUE,FALSE
"adprib_c",TRUE,FALSE
"adsel_c",TRUE,FALSE
"agam1b3agal_e",TRUE,FALSE
"agam1b6agal_e",TRUE,FALSE
"agdpcbi_c",TRUE,FALSE
"agm_c",TRUE,FALSE
"ahcys_c",TRUE,FALSE
"ahdt_c",TRUE,FALSE
"ai15tca1_c",TRUE,FALSE
"ai15tcaacgam_c",TRUE,FALSE
"ai17tca1_c",TRUE,FALSE
"ai17tcaacgam_c",TRUE,FALSE
"aicar_c",TRUE,FALSE
"aihpdcoa_c",TRUE,FALSE
"aipdcoa_c",TRUE,FALSE
"air_c",TRUE,FALSE
"akg_c",TRUE,FALSE
"akg_e",TRUE,FALSE
"ala__B_c",TRUE,FALSE
"ala__D_c",TRUE,FALSE
"ala__D_e",TRUE,FALSE
"ala__L_c",TRUE,FALSE
"ala__L_e",TRUE,FALSE
"alaala_c",TRUE,FALSE
"alaasp_c",TRUE,FALSE
"alaasp_e",TRUE,FALSE
"alac__S_c",TRUE,FALSE
"alagln_c",TRUE,FALSE
"alagln_e",TRUE,FALSE
"alaglu_c",TRUE,FALSE
"alaglu_e",TRUE,FALSE
"alagly_c",TRUE,FALSE
"alagly_e",TRUE,FALSE
"alahis_c",TRUE,FALSE
"alahis_e",TRUE,FALSE
"alaleu_c",TRUE,FALSE
"alaleu_e",TRUE,FALSE
"alathr_c",TRUE,FALSE
"alathr_e",TRUE,FALSE
"allphn_c",TRUE,FALSE
"alltn_c",TRUE,FALSE
"alltn_e",TRUE,FALSE
"alltn__R_c",TRUE,FALSE
"alltt_c",TRUE,FALSE
"alpro_c",TRUE,FALSE
"altrn_c",TRUE,FALSE
"amet_c",TRUE,FALSE
"ametam_c",TRUE,FALSE
"amob_c",TRUE,FALSE
"amopbut__L_c",TRUE,FALSE
"amp_c",TRUE,FALSE
"anth_c",TRUE,FALSE
"ap4a_c",TRUE,FALSE
"apoACP_c",TRUE,FALSE
"apoC__Lys__btn_c",TRUE,FALSE
"aps_c",TRUE,FALSE
"ara5p_c",TRUE,FALSE
"arab__L_c",TRUE,FALSE
"arab__L_e",TRUE,FALSE
"arbt6p_c",TRUE,FALSE
"arbt_e",TRUE,FALSE
"arg__L_c",TRUE,FALSE
"arg__L_e",TRUE,FALSE
"argsuc_c",TRUE,FALSE
"ascb6p_c",TRUE,FALSE
"asn__L_c",TRUE,FALSE
"asn__L_e",TRUE,FALSE
"aso3_c",TRUE,FALSE
"aso3_e",TRUE,FALSE
"aso4_c",TRUE,FALSE
"aso4_e",TRUE,FALSE
"asp__L_c",TRUE,FALSE
"asp__L_e",TRUE,FALSE
"aspsa_c",TRUE,FALSE
"atp_c",TRUE,FALSE
"b2coa_c",TRUE,FALSE
"bbtcoa_c",TRUE,FALSE
"betald_c",TRUE,FALSE
"bhb_c",TRUE,FALSE
"biomass_c",TRUE,FALSE
"btal_c",TRUE,FALSE
"btamp_c",TRUE,FALSE
"btcoa_c",TRUE,FALSE
"btn_c",TRUE,FALSE
"btn_e",TRUE,FALSE
"btn__co2_c",TRUE,FALSE
"btnso_c",TRUE,FALSE
"but2eACP_c",TRUE,FALSE
"butACP_c",TRUE,FALSE
"but_c",TRUE,FALSE
"but_e",TRUE,FALSE
"butso3_c",TRUE,FALSE
"butso3_e",TRUE,FALSE
"ca2_c",TRUE,FALSE
"ca2_e",TRUE,FALSE
"camp_c",TRUE,FALSE
"cbasp_c",TRUE,FALSE
"cbi_c",TRUE,FALSE
"cbl1_c",TRUE,FALSE
"cbl1_e",TRUE,FALSE
"cbl2_c",TRUE,FALSE
"cbl2_e",TRUE,FALSE
"cbmt_c",TRUE,FALSE
"cbp_c",TRUE,FALSE
"cd2_c",TRUE,FALSE
"cd2_e",TRUE,FALSE
"cdp_c",TRUE,FALSE
"cdpdaihpdecg_c",TRUE,FALSE
"cdpdaipdecg_c",TRUE,FALSE
"cdpdddecg_c",TRUE,FALSE
"cdpdhdec9eg_c",TRUE,FALSE
"cdpdhdecg_c",TRUE,FALSE
"cdpdihdecg_c",TRUE,FALSE
"cdpdihpdecg_c",TRUE,FALSE
"cdpdipdecg_c",TRUE,FALSE
"cdpditdecg_c",TRUE,FALSE
"cdpdodec11eg_c",TRUE,FALSE
"cdpdodecg_c",TRUE,FALSE
"cdpdtdec7eg_c",TRUE,FALSE
"cdpdtdecg_c",TRUE,FALSE
"cechddd_c",TRUE,FALSE
"cellb_c",TRUE,FALSE
"cenchddd_c",TRUE,FALSE
"cgly_c",TRUE,FALSE
"cgly_e",TRUE,FALSE
"chol_c",TRUE,FALSE
"chol_e",TRUE,FALSE
"cholate_c",TRUE,FALSE
"cholate_e",TRUE,FALSE
"chols_c",TRUE,FALSE
"chor_c",TRUE,FALSE
"cinnm_c",TRUE,FALSE
"cinnm_e",TRUE,FALSE
"cit_c",TRUE,FALSE
"cit_e",TRUE,FALSE
"citr__L_c",TRUE,FALSE
"ckdo_c",TRUE,FALSE
"cl_c",TRUE,FALSE
"cl_e",TRUE,FALSE
"clpn140_c",TRUE,FALSE
"clpn160_c",TRUE,FALSE
"clpn180_c",TRUE,FALSE
"clpnai15_c",TRUE,FALSE
"clpnai17_c",TRUE,FALSE
"clpni14_c",TRUE,FALSE
"clpni15_c",TRUE,FALSE
"clpni16_c",TRUE,FALSE
"clpni17_c",TRUE,FALSE
"cmp_c",TRUE,FALSE
"co1dam_c",TRUE,FALSE
"co2_c",TRUE,FALSE
"co2_e",TRUE,FALSE
"coa_c",TRUE,FALSE
"cobalt2_c",TRUE,FALSE
"cobalt2_e",TRUE,FALSE
"colipa_c",TRUE,FALSE
"core2_e",TRUE,FALSE
"core2__rl_e",TRUE,FALSE
"core3_e",TRUE,FALSE
"core6_e",TRUE,FALSE
"core8_e",TRUE,FALSE
"cpppg1_c",TRUE,FALSE
"cpppg3_c",TRUE,FALSE
"crn_c",TRUE,FALSE
"crn_e",TRUE,FALSE
"crncoa_c",TRUE,FALSE
"csn_c",TRUE,FALSE
"csn_e",TRUE,FALSE
"ctbt_c",TRUE,FALSE
"ctbt_e",TRUE,FALSE
"ctbtcoa_c",TRUE,FALSE
"ctp_c",TRUE,FALSE
"cu2_c",TRUE,FALSE
"cu2_e",TRUE,FALSE
"cyan_c",TRUE,FALSE
"cynt_c",TRUE,FALSE
"cynt_e",TRUE,FALSE
"cys__L_c",TRUE,FALSE
"cys__L_e",TRUE,FALSE
"cyst__L_c",TRUE,FALSE
"cytd_c",TRUE,FALSE
"cytd_e",TRUE,FALSE
"dad__2_c",TRUE,FALSE
"dad__2_e",TRUE,FALSE
"dad__5_c",TRUE,FALSE
"dadp_c",TRUE,FALSE
"damp_c",TRUE,FALSE
"dann_c",TRUE,FALSE
"datp_c",TRUE,FALSE
"db4p_c",TRUE,FALSE
"dc2coa_c",TRUE,FALSE
"dcaACP_c",TRUE,FALSE
"dcacoa_c",TRUE,FALSE
"dcamp_c",TRUE,FALSE
"dcdp_c",TRUE,FALSE
"dcmp_c",TRUE,FALSE
"dctp_c",TRUE,FALSE
"dcyt_c",TRUE,FALSE
"dcyt_e",TRUE,FALSE
"dd2coa_c",TRUE,FALSE
"ddcaACP_c",TRUE,FALSE
"ddca_c",TRUE,FALSE
"ddca_e",TRUE,FALSE
"ddcacoa_c",TRUE,FALSE
"dgdp_c",TRUE,FALSE
"dgmp_c",TRUE,FALSE
"dgsn_c",TRUE,FALSE
"dgsn_e",TRUE,FALSE
"dgtp_c",TRUE,FALSE
"dha_c",TRUE,FALSE
"dhap_c",TRUE,FALSE
"dhbpt_c",TRUE,FALSE
"dhcinnm_c",TRUE,FALSE
"dhcinnm_e",TRUE,FALSE
"dhdpacoa_c",TRUE,FALSE
"dhf_c",TRUE,FALSE
"dhlam_c",TRUE,FALSE
"dhlpro_c",TRUE,FALSE
"dhna_c",TRUE,FALSE
"dhnpt_c",TRUE,FALSE
"dhor__S_c",TRUE,FALSE
"dhpmp_c",TRUE,FALSE
"dhpppn_c",TRUE,FALSE
"dhpppn_e",TRUE,FALSE
"dhpt_c",TRUE,FALSE
"dhptd_c",TRUE,FALSE
"din_c",TRUE,FALSE
"din_e",TRUE,FALSE
"dmbzid_c",TRUE,FALSE
"dmlz_c",TRUE,FALSE
"dmphqno_c",TRUE,FALSE
"dmpp_c",TRUE,FALSE
"dms_c",TRUE,FALSE
"dms_e",TRUE,FALSE
"dmso_c",TRUE,FALSE
"dmso_e",TRUE,FALSE
"dnad_c",TRUE,FALSE
"dnarep_c",TRUE,FALSE
"dpcoa_c",TRUE,FALSE
"drib_c",TRUE,FALSE
"drib_e",TRUE,FALSE
"dscl_c",TRUE,FALSE
"dtbt_c",TRUE,FALSE
"dtdp4aaddg_c",TRUE,FALSE
"dtdp4addg_c",TRUE,FALSE
"dtdp4d6dg_c",TRUE,FALSE
"dtdp4d6dm_c",TRUE,FALSE
"dtdp_c",TRUE,FALSE
"dtdpglu_c",TRUE,FALSE
"dtdprmn_c",TRUE,FALSE
"dtmp_c",TRUE,FALSE
"dttp_c",TRUE,FALSE
"dudp_c",TRUE,FALSE
"dump_c",TRUE,FALSE
"duri_c",TRUE,FALSE
"duri_e",TRUE,FALSE
"dutp_c",TRUE,FALSE
"dxyl5p_c",TRUE,FALSE
"e4hglu_c",TRUE,FALSE
"e4p_c",TRUE,FALSE
"egACPm_c",TRUE,FALSE
"eig3p_c",TRUE,FALSE
"epACPm_c",TRUE,FALSE
"etha_c",TRUE,FALSE
"etha_e",TRUE,FALSE
"ethso3_c",TRUE,FALSE
"ethso3_e",TRUE,FALSE
"etoh_c",TRUE,FALSE
"etoh_e",TRUE,FALSE
"f1a_e",TRUE,FALSE
"f1a__rl_e",TRUE,FALSE
"f1p_c",TRUE,FALSE
"f6p_c",TRUE,FALSE
"fa11_c",TRUE,FALSE
"fa12_c",TRUE,FALSE
"fa1_c",TRUE,FALSE
"fa3_c",TRUE,FALSE
"fa4_c",TRUE,FALSE
"fa6_c",TRUE,FALSE
"fad_c",TRUE,FALSE
"fadh2_c",TRUE,FALSE
"fald_c",TRUE,FALSE
"fc1p_c",TRUE,FALSE
"fcl__L_c",TRUE,FALSE
"fdp_c",TRUE,FALSE
"fdxox_c",TRUE,FALSE
"fdxrd_c",TRUE,FALSE
"fe2_c",TRUE,FALSE
"fe2_e",TRUE,FALSE
"fe3_c",TRUE,FALSE
"fe3_e",TRUE,FALSE
"fecrm_c",TRUE,FALSE
"fecrm_e",TRUE,FALSE
"fgam_c",TRUE,FALSE
"ficytC_c",TRUE,FALSE
"fmn_c",TRUE,FALSE
"fmnh2_c",TRUE,FALSE
"focytC_c",TRUE,FALSE
"fol_c",TRUE,FALSE
"for_c",TRUE,FALSE
"for_e",TRUE,FALSE
"fpram_c",TRUE,FALSE
"fprica_c",TRUE,FALSE
"frdp_c",TRUE,FALSE
"fru_c",TRUE,FALSE
"fru_e",TRUE,FALSE
"fruur_c",TRUE,FALSE
"fuc1p__L_c",TRUE,FALSE
"fuc1p__L_e",TRUE,FALSE
"fuc__L_c",TRUE,FALSE
"fuc__L_e",TRUE,FALSE
"fum_c",TRUE,FALSE
"fum_e",TRUE,FALSE
"g15lac_c",TRUE,FALSE
"g1p_c",TRUE,FALSE
"g1p__B_c",TRUE,FALSE
"g3p_c",TRUE,FALSE
"g3pc_c",TRUE,FALSE
"g3pe_c",TRUE,FALSE
"g3pg_c",TRUE,FALSE
"g6p_c",TRUE,FALSE
"g6p_e",TRUE,FALSE
"g6p__B_c",TRUE,FALSE
"gACPm_c",TRUE,FALSE
"gagicolipa_c",TRUE,FALSE
"gal1a3acgal_e",TRUE,FALSE
"gal1b3acgal_e",TRUE,FALSE
"gal1p_c",TRUE,FALSE
"gal_c",TRUE,FALSE
"gal_e",TRUE,FALSE
"galam6p_c",TRUE,FALSE
"galct__D_c",TRUE,FALSE
"galct__D_e",TRUE,FALSE
"galctn__D_c",TRUE,FALSE
"galctn__D_e",TRUE,FALSE
"galt1p_c",TRUE,FALSE
"galt_e",TRUE,FALSE
"galur_c",TRUE,FALSE
"galur_e",TRUE,FALSE
"gam1p_c",TRUE,FALSE
"gam6p_c",TRUE,FALSE
"gar_c",TRUE,FALSE
"gbbtn_c",TRUE,FALSE
"gbbtn_e",TRUE,FALSE
"gcald_c",TRUE,FALSE
"gcald_e",TRUE,FALSE
"gdp_c",TRUE,FALSE
"gdpddman_c",TRUE,FALSE
"gdpfuc_c",TRUE,FALSE
"gdpmann_c",TRUE,FALSE
"gdptp_c",TRUE,FALSE
"gg4abut_c",TRUE,FALSE
"ggagicolipa_c",TRUE,FALSE
"ggbutal_c",TRUE,FALSE
"ggdp_c",TRUE,FALSE
"gggagicolipa_c",TRUE,FALSE
"gicolipa_c",TRUE,FALSE
"glc__D_c",TRUE,FALSE
"glc__D_e",TRUE,FALSE
"glc__bD_c",TRUE,FALSE
"glcn_c",TRUE,FALSE
"glcn_e",TRUE,FALSE
"glcr_c",TRUE,FALSE
"glcr_e",TRUE,FALSE
"glcur_c",TRUE,FALSE
"glcur_e",TRUE,FALSE
"gln__L_c",TRUE,FALSE
"gln__L_e",TRUE,FALSE
"glu1sa_c",TRUE,FALSE
"glu5p_c",TRUE,FALSE
"glu5sa_c",TRUE,FALSE
"glu__D_c",TRUE,FALSE
"glu__L_c",TRUE,FALSE
"glu__L_e",TRUE,FALSE
"glucys_c",TRUE,FALSE
"glutar_c",TRUE,FALSE
"glutcoa_c",TRUE,FALSE
"glutrna_c",TRUE,FALSE
"glx_c",TRUE,FALSE
"gly_c",TRUE,FALSE
"gly_e",TRUE,FALSE
"glyald_c",TRUE,FALSE
"glyasn_c",TRUE,FALSE
"glyasn_e",TRUE,FALSE
"glyasp_c",TRUE,FALSE
"glyasp_e",TRUE,FALSE
"glyb_c",TRUE,FALSE
"glyb_e",TRUE,FALSE
"glyc3p_c",TRUE,FALSE
"glyc3p_e",TRUE,FALSE
"glyc_c",TRUE,FALSE
"glyc_e",TRUE,FALSE
"glyc__R_c",TRUE,FALSE
"glyclt_c",TRUE,FALSE
"glyclt_e",TRUE,FALSE
"glycogen_c",TRUE,FALSE
"glycogenb_c",TRUE,FALSE
"glycys_c",TRUE,FALSE
"glycys_e",TRUE,FALSE
"glygln_c",TRUE,FALSE
"glygln_e",TRUE,FALSE
"glyglu_c",TRUE,FALSE
"glyglu_e",TRUE,FALSE
"glyleu_c",TRUE,FALSE
"glyleu_e",TRUE,FALSE
"glymet_c",TRUE,FALSE
"glymet_e",TRUE,FALSE
"glyphe_c",TRUE,FALSE
"glyphe_e",TRUE,FALSE
"glypro_c",TRUE,FALSE
"glypro_e",TRUE,FALSE
"glytyr_c",TRUE,FALSE
"glytyr_e",TRUE,FALSE
"gmhep17bp_c",TRUE,FALSE
"gmhep1p_c",TRUE,FALSE
"gmhep7p_c",TRUE,FALSE
"gmp_c",TRUE,FALSE
"grdp_c",TRUE,FALSE
"gsn_c",TRUE,FALSE
"gsn_e",TRUE,FALSE
"gthox_c",TRUE,FALSE
"gthrd_c",TRUE,FALSE
"gtp_c",TRUE,FALSE
"gtspmd_c",TRUE,FALSE
"gua_c",TRUE,FALSE
"h2_c",TRUE,FALSE
"h2_e",TRUE,FALSE
"h2mb4p_c",TRUE,FALSE
"h2o2_c",TRUE,FALSE
"h2o_c",TRUE,FALSE
"h2o_e",TRUE,FALSE
"h2s_c",TRUE,FALSE
"h2s_e",TRUE,FALSE
"h_c",TRUE,FALSE
"h_e",TRUE,FALSE
"hco3_c",TRUE,FALSE
"hcys__L_c",TRUE,FALSE
"hdca_c",TRUE,FALSE
"hdca_e",TRUE,FALSE
"hdcea_c",TRUE,FALSE
"hdcoa_c",TRUE,FALSE
"hdd2coa_c",TRUE,FALSE
"hdeACP_c",TRUE,FALSE
"hemeO_c",TRUE,FALSE
"hepdp_c",TRUE,FALSE
"hethmpp_c",TRUE,FALSE
"hexACP_c",TRUE,FALSE
"hexdp_c",TRUE,FALSE
"hexs_c",TRUE,FALSE
"hexs_e",TRUE,FALSE
"hg2_c",TRUE,FALSE
"hg2_e",TRUE,FALSE
"hhlipa_c",TRUE,FALSE
"his__L_c",TRUE,FALSE
"his__L_e",TRUE,FALSE
"hisp_c",TRUE,FALSE
"histd_c",TRUE,FALSE
"histl__L_c",TRUE,FALSE
"hkndd_c",TRUE,FALSE
"hkntd_c",TRUE,FALSE
"hlipa_c",TRUE,FALSE
"hmbil_c",TRUE,FALSE
"hoacoa_c",TRUE,FALSE
"hom__L_c",TRUE,FALSE
"hphhlipa_c",TRUE,FALSE
"hpyr_c",TRUE,FALSE
"hqn_c",TRUE,FALSE
"hx2coa_c",TRUE,FALSE
"hxal_c",TRUE,FALSE
"hxan_c",TRUE,FALSE
"hxan_e",TRUE,FALSE
"hxcoa_c",TRUE,FALSE
"i14tca1_c",TRUE,FALSE
"i14tcaacgam_c",TRUE,FALSE
"i15tca1_c",TRUE,FALSE
"i15tcaacgam_c",TRUE,FALSE
"i16tca1_c",TRUE,FALSE
"i16tcaacgam_c",TRUE,FALSE
"i17tca1_c",TRUE,FALSE
"i17tcaacgam_c",TRUE,FALSE
"iasp_c",TRUE,FALSE
"ibcoa_c",TRUE,FALSE
"ichor_c",TRUE,FALSE
"icit_c",TRUE,FALSE
"icolipa_c",TRUE,FALSE
"idon__L_c",TRUE,FALSE
"idon__L_e",TRUE,FALSE
"idp_c",TRUE,FALSE
"ihdcoa_c",TRUE,FALSE
"ihpdcoa_c",TRUE,FALSE
"ile__L_c",TRUE,FALSE
"ile__L_e",TRUE,FALSE
"imacp_c",TRUE,FALSE
"imp_c",TRUE,FALSE
"indole_c",TRUE,FALSE
"indole_e",TRUE,FALSE
"indpyr_c",TRUE,FALSE
"inost_c",TRUE,FALSE
"ins_c",TRUE,FALSE
"ins_e",TRUE,FALSE
"ipdcoa_c",TRUE,FALSE
"ipdp_c",TRUE,FALSE
"isetac_c",TRUE,FALSE
"isetac_e",TRUE,FALSE
"itdcoa_c",TRUE,FALSE
"itp_c",TRUE,FALSE
"ivcoa_c",TRUE,FALSE
"k_c",TRUE,FALSE
"k_e",TRUE,FALSE
"kdo2lipid4L_c",TRUE,FALSE
"kdo2lipid4_c",TRUE,FALSE
"kdo8p_c",TRUE,FALSE
"kdo_c",TRUE,FALSE
"kdolipid4_c",TRUE,FALSE
"kphphhlipa_c",TRUE,FALSE
"l2a6o_c",TRUE,FALSE
"lac__D_c",TRUE,FALSE
"lac__D_e",TRUE,FALSE
"lac__L_c",TRUE,FALSE
"lac__L_e",TRUE,FALSE
"lald__L_c",TRUE,FALSE
"lcts_c",TRUE,FALSE
"lcts_e",TRUE,FALSE
"leu__L_c",TRUE,FALSE
"leu__L_e",TRUE,FALSE
"lgt__S_c",TRUE,FALSE
"lipa_c",TRUE,FALSE
"lipidA_c",TRUE,FALSE
"lipidAds_c",TRUE,FALSE
"lipidX_c",TRUE,FALSE
"lipoate_c",TRUE,FALSE
"lpam_c",TRUE,FALSE
"lpro_c",TRUE,FALSE
"lys__L_c",TRUE,FALSE
"lys__L_e",TRUE,FALSE
"malACP_c",TRUE,FALSE
"mal__D_c",TRUE,FALSE
"mal__L_c",TRUE,FALSE
"mal__L_e",TRUE,FALSE
"malcoa_c",TRUE,FALSE
"malcoam_c",TRUE,FALSE
"malt6p_c",TRUE,FALSE
"malt_c",TRUE,FALSE
"malt_e",TRUE,FALSE
"malthp_c",TRUE,FALSE
"malthx_c",TRUE,FALSE
"malthx_e",TRUE,FALSE
"maltpt_c",TRUE,FALSE
"malttr_c",TRUE,FALSE
"malttr_e",TRUE,FALSE
"maltttr_c",TRUE,FALSE
"man1p_c",TRUE,FALSE
"man6p_c",TRUE,FALSE
"man6p_e",TRUE,FALSE
"man_c",TRUE,FALSE
"man_e",TRUE,FALSE
"mana_c",TRUE,FALSE
"mantr_c",TRUE,FALSE
"mantr_e",TRUE,FALSE
"melib_c",TRUE,FALSE
"melib_e",TRUE,FALSE
"melt_c",TRUE,FALSE
"meoh_c",TRUE,FALSE
"met__D_c",TRUE,FALSE
"met__D_e",TRUE,FALSE
"met__L_c",TRUE,FALSE
"met__L_e",TRUE,FALSE
"metala_c",TRUE,FALSE
"metala_e",TRUE,FALSE
"methf_c",TRUE,FALSE
"metsox__R__L_c",TRUE,FALSE
"metsox__R__L_e",TRUE,FALSE
"metsox__S__L_c",TRUE,FALSE
"metsox__S__L_e",TRUE,FALSE
"mg2_c",TRUE,FALSE
"mg2_e",TRUE,FALSE
"mi1p__D_c",TRUE,FALSE
"mi3p__D_c",TRUE,FALSE
"mi4p__D_c",TRUE,FALSE
"micit_c",TRUE,FALSE
"mlthf_c",TRUE,FALSE
"mmcoa__R_c",TRUE,FALSE
"mmcoa__S_c",TRUE,FALSE
"mn2_c",TRUE,FALSE
"mn2_e",TRUE,FALSE
"mnl1p_c",TRUE,FALSE
"mnl_e",TRUE,FALSE
"mops_c",TRUE,FALSE
"mops_e",TRUE,FALSE
"mql8_c",TRUE,FALSE
"mqn8_c",TRUE,FALSE
"mso3_c",TRUE,FALSE
"mso3_e",TRUE,FALSE
"mthgxl_c",TRUE,FALSE
"myrsACP_c",TRUE,FALSE
"myrstca1_c",TRUE,FALSE
"myrstcaacgam_c",TRUE,FALSE
"n8aspmd_c",TRUE,FALSE
"na1_c",TRUE,FALSE
"na1_e",TRUE,FALSE
"nac_c",TRUE,FALSE
"nac_e",TRUE,FALSE
"nad_c",TRUE,FALSE
"nadh_c",TRUE,FALSE
"nadp_c",TRUE,FALSE
"nadph_c",TRUE,FALSE
"ncam_c",TRUE,FALSE
"nh4_c",TRUE,FALSE
"nh4_e",TRUE,FALSE
"nicrns_c",TRUE,FALSE
"nicrnt_c",TRUE,FALSE
"nmn_c",TRUE,FALSE
"nmn_e",TRUE,FALSE
"no2_c",TRUE,FALSE
"no2_e",TRUE,FALSE
"no3_c",TRUE,FALSE
"no3_e",TRUE,FALSE
"no_c",TRUE,FALSE
"np2msucc_c",TRUE,FALSE
"np2msucccoa_c",TRUE,FALSE
"o2_c",TRUE,FALSE
"o2_e",TRUE,FALSE
"o2s_c",TRUE,FALSE
"oaa_c",TRUE,FALSE
"oc2coa_c",TRUE,FALSE
"ocACP_c",TRUE,FALSE
"occoa_c",TRUE,FALSE
"ocdcaACP_c",TRUE,FALSE
"ocdca_c",TRUE,FALSE
"ocdca_e",TRUE,FALSE
"ocdcea_c",TRUE,FALSE
"ocmhmxbq_c",TRUE,FALSE
"octdp_c",TRUE,FALSE
"octeACP_c",TRUE,FALSE
"odecoa_c",TRUE,FALSE
"ohpb_c",TRUE,FALSE
"op4en_c",TRUE,FALSE
"orn_c",TRUE,FALSE
"orn_e",TRUE,FALSE
"orot5p_c",TRUE,FALSE
"orot_c",TRUE,FALSE
"oxadpcoa_c",TRUE,FALSE
"oxglyc_c",TRUE,FALSE
"oxptn_c",TRUE,FALSE
"oxur_c",TRUE,FALSE
"pa120_c",TRUE,FALSE
"pa140_c",TRUE,FALSE
"pa141_c",TRUE,FALSE
"pa160_c",TRUE,FALSE
"pa161_c",TRUE,FALSE
"pa180_c",TRUE,FALSE
"pa181_c",TRUE,FALSE
"paai15_c",TRUE,FALSE
"paai17_c",TRUE,FALSE
"pac_c",TRUE,FALSE
"pac_e",TRUE,FALSE
"pacald_c",TRUE,FALSE
"pai14_c",TRUE,FALSE
"pai15_c",TRUE,FALSE
"pai16_c",TRUE,FALSE
"pai17_c",TRUE,FALSE
"palmACP_c",TRUE,FALSE
"palmtca1_c",TRUE,FALSE
"palmtcaacgam_c",TRUE,FALSE
"pan4p_c",TRUE,FALSE
"pant__R_c",TRUE,FALSE
"pap_c",TRUE,FALSE
"paps_c",TRUE,FALSE
"pb_c",TRUE,FALSE
"pb_e",TRUE,FALSE
"pdx5p_c",TRUE,FALSE
"pe120_c",TRUE,FALSE
"pe140_c",TRUE,FALSE
"pe141_c",TRUE,FALSE
"pe160_c",TRUE,FALSE
"pe161_c",TRUE,FALSE
"pe180_c",TRUE,FALSE
"pe181_c",TRUE,FALSE
"peai15_c",TRUE,FALSE
"peai17_c",TRUE,FALSE
"pei14_c",TRUE,FALSE
"pei15_c",TRUE,FALSE
"pei16_c",TRUE,FALSE
"pei17_c",TRUE,FALSE
"pendp_c",TRUE,FALSE
"pep_c",TRUE,FALSE
"peptmet__L_c",TRUE,FALSE
"peptmetox__L_c",TRUE,FALSE
"pg120_c",TRUE,FALSE
"pg140_c",TRUE,FALSE
"pg141_c",TRUE,FALSE
"pg160_c",TRUE,FALSE
"pg161_c",TRUE,FALSE
"pg180_c",TRUE,FALSE
"pg181_c",TRUE,FALSE
"pgai15_c",TRUE,FALSE
"pgai17_c",TRUE,FALSE
"pgi14_c",TRUE,FALSE
"pgi15_c",TRUE,FALSE
"pgi16_c",TRUE,FALSE
"pgi17_c",TRUE,FALSE
"pgp120_c",TRUE,FALSE
"pgp140_c",TRUE,FALSE
"pgp141_c",TRUE,FALSE
"pgp160_c",TRUE,FALSE
"pgp161_c",TRUE,FALSE
"pgp180_c",TRUE,FALSE
"pgp181_c",TRUE,FALSE
"pgpai15_c",TRUE,FALSE
"pgpai17_c",TRUE,FALSE
"pgpi14_c",TRUE,FALSE
"pgpi15_c",TRUE,FALSE
"pgpi16_c",TRUE,FALSE
"pgpi17_c",TRUE,FALSE
"phaccoa_c",TRUE,FALSE
"phe__L_c",TRUE,FALSE
"phe__L_e",TRUE,FALSE
"pheme_c",TRUE,FALSE
"phhlipa_c",TRUE,FALSE
"phom_c",TRUE,FALSE
"phphhlipa_c",TRUE,FALSE
"phpyr_c",TRUE,FALSE
"phthr_c",TRUE,FALSE
"phyQ_c",TRUE,FALSE
"phyldpp_c",TRUE,FALSE
"pi_c",TRUE,FALSE
"pi_e",TRUE,FALSE
"pmACP_c",TRUE,FALSE
"pmACPm_c",TRUE,FALSE
"pmcoa_c",TRUE,FALSE
"pmtcoa_c",TRUE,FALSE
"pnp_c",TRUE,FALSE
"pnto__R_c",TRUE,FALSE
"pnto__R_e",TRUE,FALSE
"ppa_c",TRUE,FALSE
"ppa_e",TRUE,FALSE
"ppap_c",TRUE,FALSE
"ppbng_c",TRUE,FALSE
"ppcoa_c",TRUE,FALSE
"ppgpp_c",TRUE,FALSE
"pphn_c",TRUE,FALSE
"ppi_c",TRUE,FALSE
"ppi_e",TRUE,FALSE
"ppp9_c",TRUE,FALSE
"pppg9_c",TRUE,FALSE
"pppi_c",TRUE,FALSE
"pppn_c",TRUE,FALSE
"pppn_e",TRUE,FALSE
"pprdn_c",TRUE,FALSE
"pram_c",TRUE,FALSE
"pran_c",TRUE,FALSE
"prbamp_c",TRUE,FALSE
"prbatp_c",TRUE,FALSE
"prfp_c",TRUE,FALSE
"prlp_c",TRUE,FALSE
"pro__L_c",TRUE,FALSE
"pro__L_e",TRUE,FALSE
"prodslfd_c",TRUE,FALSE
"prodthl_c",TRUE,FALSE
"proteinsynth_c",TRUE,FALSE
"prpp_c",TRUE,FALSE
"ps120_c",TRUE,FALSE
"ps140_c",TRUE,FALSE
"ps141_c",TRUE,FALSE
"ps160_c",TRUE,FALSE
"ps161_c",TRUE,FALSE
"ps180_c",TRUE,FALSE
"ps181_c",TRUE,FALSE
"psai15_c",TRUE,FALSE
"psai17_c",TRUE,FALSE
"psd5p_c",TRUE,FALSE
"pser__L_c",TRUE,FALSE
"psi14_c",TRUE,FALSE
"psi15_c",TRUE,FALSE
"psi16_c",TRUE,FALSE
"psi17_c",TRUE,FALSE
"ptrc_c",TRUE,FALSE
"ptrc_e",TRUE,FALSE
"pyam5p_c",TRUE,FALSE
"pydam_c",TRUE,FALSE
"pydam_e",TRUE,FALSE
"pydx5p_c",TRUE,FALSE
"pydx_c",TRUE,FALSE
"pydx_e",TRUE,FALSE
"pydxn_c",TRUE,FALSE
"pydxn_e",TRUE,FALSE
"pyr_c",TRUE,FALSE
"q8_c",TRUE,FALSE
"q8h2_c",TRUE,FALSE
"quln_c",TRUE,FALSE
"r1p_c",TRUE,FALSE
"r5p_c",TRUE,FALSE
"raffin_c",TRUE,FALSE
"rbl__D_c",TRUE,FALSE
"rbl__L_c",TRUE,FALSE
"rdmbzi_c",TRUE,FALSE
"rhcys_c",TRUE,FALSE
"rib__D_c",TRUE,FALSE
"rib__D_e",TRUE,FALSE
"ribflv_c",TRUE,FALSE
"rml1p_c",TRUE,FALSE
"rml_c",TRUE,FALSE
"rmn_c",TRUE,FALSE
"rmn_e",TRUE,FALSE
"rnam_c",TRUE,FALSE
"rnatrans_c",TRUE,FALSE
"ru5p__D_c",TRUE,FALSE
"ru5p__L_c",TRUE,FALSE
"s17bp_c",TRUE,FALSE
"s7p_c",TRUE,FALSE
"sTn__antigen_e",TRUE,FALSE
"s_c",TRUE,FALSE
"salc6p_c",TRUE,FALSE
"salcn_e",TRUE,FALSE
"sbt6p_c",TRUE,FALSE
"sbt__D_c",TRUE,FALSE
"sbt__D_e",TRUE,FALSE
"sbzcoa_c",TRUE,FALSE
"scl_c",TRUE,FALSE
"sel_e",TRUE,FALSE
"seln_c",TRUE,FALSE
"selni_e",TRUE,FALSE
"selnp_c",TRUE,FALSE
"ser__D_c",TRUE,FALSE
"ser__D_e",TRUE,FALSE
"ser__L_c",TRUE,FALSE
"ser__L_e",TRUE,FALSE
"sheme_c",TRUE,FALSE
"skm5p_c",TRUE,FALSE
"skm_c",TRUE,FALSE
"sl26da_c",TRUE,FALSE
"sl2a6o_c",TRUE,FALSE
"so3_c",TRUE,FALSE
"so4_c",TRUE,FALSE
"so4_e",TRUE,FALSE
"spmd_c",TRUE,FALSE
"spmd_e",TRUE,FALSE
"stcoa_c",TRUE,FALSE
"sttca1_c",TRUE,FALSE
"sttcaacgam_c",TRUE,FALSE
"stys_c",TRUE,FALSE
"suc6p_c",TRUE,FALSE
"sucarg_c",TRUE,FALSE
"sucbz_c",TRUE,FALSE
"succ_c",TRUE,FALSE
"succ_e",TRUE,FALSE
"succoa_c",TRUE,FALSE
"sucglu_c",TRUE,FALSE
"sucgsa_c",TRUE,FALSE
"suchms_c",TRUE,FALSE
"sucorn_c",TRUE,FALSE
"sucr_c",TRUE,FALSE
"sucr_e",TRUE,FALSE
"sucsal_c",TRUE,FALSE
"sulfac_c",TRUE,FALSE
"sulfac_e",TRUE,FALSE
"tag6p__D_c",TRUE,FALSE
"tagdp__D_c",TRUE,FALSE
"tagur_c",TRUE,FALSE
"tartr__L_c",TRUE,FALSE
"tartr__M_c",TRUE,FALSE
"taur_c",TRUE,FALSE
"taur_e",TRUE,FALSE
"tcynt_c",TRUE,FALSE
"td2coa_c",TRUE,FALSE
"tdcoa_c",TRUE,FALSE
"tddec2eACP_c",TRUE,FALSE
"tdeACP_c",TRUE,FALSE
"tdec2eACP_c",TRUE,FALSE
"thbpt_c",TRUE,FALSE
"thdp_c",TRUE,FALSE
"thex2eACP_c",TRUE,FALSE
"thf_c",TRUE,FALSE
"thfglu_c",TRUE,FALSE
"thglu_c",TRUE,FALSE
"thm_c",TRUE,FALSE
"thm_e",TRUE,FALSE
"thmmp_c",TRUE,FALSE
"thmpp_c",TRUE,FALSE
"thp2c_c",TRUE,FALSE
"thr__L_c",TRUE,FALSE
"thr__L_e",TRUE,FALSE
"thym_c",TRUE,FALSE
"thymd_c",TRUE,FALSE
"thymd_e",TRUE,FALSE
"tma_c",TRUE,FALSE
"tma_e",TRUE,FALSE
"tmao_c",TRUE,FALSE
"tmao_e",TRUE,FALSE
"tmrs2eACP_c",TRUE,FALSE
"toct2eACP_c",TRUE,FALSE
"toctd2eACP_c",TRUE,FALSE
"tpalm2eACP_c",TRUE,FALSE
"trdox_c",TRUE,FALSE
"trdrd_c",TRUE,FALSE
"tre6p_c",TRUE,FALSE
"tre_c",TRUE,FALSE
"tre_e",TRUE,FALSE
"trnaglu_c",TRUE,FALSE
"trp__L_c",TRUE,FALSE
"trp__L_e",TRUE,FALSE
"tsul_c",TRUE,FALSE
"tsul_e",TRUE,FALSE
"ttdca_c",TRUE,FALSE
"ttdca_e",TRUE,FALSE
"ttdcea_c",TRUE,FALSE
"tym_c",TRUE,FALSE
"tym_e",TRUE,FALSE
"tyr__L_c",TRUE,FALSE
"tyr__L_e",TRUE,FALSE
"u23ga_c",TRUE,FALSE
"u3aga_c",TRUE,FALSE
"u3hga_c",TRUE,FALSE
"uGgla_c",TRUE,FALSE
"uaGgla_c",TRUE,FALSE
"uaaAgla_c",TRUE,FALSE
"uaaAgtla_c",TRUE,FALSE
"uaaGgla_c",TRUE,FALSE
"uaaGgtla_c",TRUE,FALSE
"uaagmda_c",TRUE,FALSE
"uaagtmda_c",TRUE,FALSE
"uaccg_c",TRUE,FALSE
"uacgam_c",TRUE,FALSE
"uacmam_c",TRUE,FALSE
"uacmamu_c",TRUE,FALSE
"uagmda_c",TRUE,FALSE
"uama_c",TRUE,FALSE
"uamag_c",TRUE,FALSE
"uamr_c",TRUE,FALSE
"udcpdp_c",TRUE,FALSE
"udcpp_c",TRUE,FALSE
"udp_c",TRUE,FALSE
"udpacgal_c",TRUE,FALSE
"udpg_c",TRUE,FALSE
"udpgal_c",TRUE,FALSE
"udpgalfur_c",TRUE,FALSE
"udpglcur_c",TRUE,FALSE
"ugmd_c",TRUE,FALSE
"ugmda_c",TRUE,FALSE
"ump_c",TRUE,FALSE
"unaga_c",TRUE,FALSE
"uppg3_c",TRUE,FALSE
"ura_c",TRUE,FALSE
"ura_e",TRUE,FALSE
"urate_c",TRUE,FALSE
"urdgly_c",TRUE,FALSE
"urdglyc_c",TRUE,FALSE
"urea_c",TRUE,FALSE
"urea_e",TRUE,FALSE
"uri_c",TRUE,FALSE
"uri_e",TRUE,FALSE
"utp_c",TRUE,FALSE
"val__L_c",TRUE,FALSE
"val__L_e",TRUE,FALSE
"xan_c",TRUE,FALSE
"xan_e",TRUE,FALSE
"xmp_c",TRUE,FALSE
"xtsn_c",TRUE,FALSE
"xtsn_e",TRUE,FALSE
"xu1p__L_c",TRUE,FALSE
"xu5p__D_c",TRUE,FALSE
"xu5p__L_c",TRUE,FALSE
"xyl__D_c",TRUE,FALSE
"xyl__D_e",TRUE,FALSE
"xylu__D_c",TRUE,FALSE
"xylu__L_c",TRUE,FALSE
"zn2_c",TRUE,FALSE
"zn2_e",TRUE,FALSE
