"abbreviation","type","subtype","lowbnd","uppbnd"
"12PPDt","core","internal",-1000,1000
"15DAPt","core","internal",0,1000
"23DHMPO","core","internal",-1000,1000
"23PDE2","core","internal",0,1000
"23PDE4","core","internal",0,1000
"23PDE7","core","internal",0,1000
"23PDE9","core","internal",0,1000
"2AHBUTI","core","internal",-1000,1000
"2DH3DGLCA","core","internal",-1000,1000
"2MBCOATA","core","internal",-1000,1000
"2OMMBOX","core","internal",0,1000
"2OMPHH","core","internal",0,1000
"3CARLPDH","core","internal",-1000,1000
"3DGUR","core","internal",-1000,1000
"3HACPR1","core","internal",0,1000
"3HACPR2","core","internal",0,1000
"3HAD100","core","internal",0,1000
"3HAD10M11","core","internal",0,1000
"3HAD10M12","core","internal",0,1000
"3HAD11M12","core","internal",0,1000
"3HAD120","core","internal",0,1000
"3HAD12M13","core","internal",0,1000
"3HAD12M14","core","internal",0,1000
"3HAD13M14","core","internal",0,1000
"3HAD140","core","internal",0,1000
"3HAD14M15","core","internal",0,1000
"3HAD14M16","core","internal",0,1000
"3HAD15M16","core","internal",0,1000
"3HAD160","core","internal",0,1000
"3HAD180","core","internal",0,1000
"3HAD40","core","internal",0,1000
"3HAD4M5","core","internal",0,1000
"3HAD4M6","core","internal",0,1000
"3HAD5M6","core","internal",0,1000
"3HAD60","core","internal",0,1000
"3HAD6M7","core","internal",0,1000
"3HAD6M8","core","internal",0,1000
"3HAD7M8","core","internal",0,1000
"3HAD80","core","internal",0,1000
"3HAD8M10","core","internal",0,1000
"3HAD8M9","core","internal",0,1000
"3HAD9M10","core","internal",0,1000
"3HBCOAE","core","internal",-1000,1000
"3HCINNMH","core","internal",0,1000
"3HPPPNH","core","internal",0,1000
"3MOBS","core","internal",-1000,1000
"3OAACPR1","core","internal",0,1000
"3OAACPR2","core","internal",0,1000
"3OAR100","core","internal",-1000,1000
"3OAR10M11","core","internal",-1000,1000
"3OAR10M12","core","internal",-1000,1000
"3OAR11M12","core","internal",-1000,1000
"3OAR120","core","internal",-1000,1000
"3OAR12M13","core","internal",-1000,1000
"3OAR12M14","core","internal",-1000,1000
"3OAR13M14","core","internal",-1000,1000
"3OAR140","core","internal",-1000,1000
"3OAR14M15","core","internal",-1000,1000
"3OAR14M16","core","internal",-1000,1000
"3OAR15M16","core","internal",-1000,1000
"3OAR160","core","internal",-1000,1000
"3OAR180","core","internal",-1000,1000
"3OAR40","core","internal",-1000,1000
"3OAR4M5","core","internal",-1000,1000
"3OAR4M6","core","internal",-1000,1000
"3OAR5M6","core","internal",-1000,1000
"3OAR60","core","internal",-1000,1000
"3OAR6M7","core","internal",-1000,1000
"3OAR6M8","core","internal",-1000,1000
"3OAR7M8","core","internal",-1000,1000
"3OAR80","core","internal",-1000,1000
"3OAR8M10","core","internal",-1000,1000
"3OAR8M9","core","internal",-1000,1000
"3OAR9M10","core","internal",-1000,1000
"3OAS100","core","internal",0,1000
"3OAS10M11","core","internal",0,1000
"3OAS10M12","core","internal",0,1000
"3OAS11M12","core","internal",0,1000
"3OAS120","core","internal",0,1000
"3OAS12M13","core","internal",0,1000
"3OAS12M14","core","internal",0,1000
"3OAS13M14","core","internal",0,1000
"3OAS140","core","internal",0,1000
"3OAS160","core","internal",0,1000
"3OAS180","core","internal",0,1000
"3OAS2M3","core","internal",0,1000
"3OAS3M4","core","internal",0,1000
"3OAS4M3O6","core","internal",0,1000
"3OAS4M5","core","internal",0,1000
"3OAS4M6","core","internal",0,1000
"3OAS5M6","core","internal",0,1000
"3OAS60","core","internal",0,1000
"3OAS6M7","core","internal",0,1000
"3OAS6M8","core","internal",0,1000
"3OAS7M8","core","internal",0,1000
"3OAS80","core","internal",0,1000
"3OAS8M10","core","internal",0,1000
"3OAS8M9","core","internal",0,1000
"3OAS9M10","core","internal",0,1000
"3OXCOAT","core","internal",0,1000
"4HBZt2","core","internal",-1000,1000
"4HOXPACDt2r","core","internal",-1000,1000
"4HTHRS","core","internal",0,1000
"4NTPPH2","core","internal",0,1000
"5AIZCDC","core","internal",0,1000
"5DGLCNR","core","internal",-1000,1000
"5DOAN","core","internal",0,1000
"5GLUP5T1","core","internal",-1000,1000
"5GLUP5T2","core","internal",0,1000
"5MTHCYST","core","internal",-1000,1000
"6PHBG","core","internal",0,1000
"6PHBG2","core","internal",0,1000
"7AHSDH","core","internal",-1000,1000
"7AHSDHe","core","internal",-1000,1000
"A5PISO","core","internal",-1000,1000
"AACPS7","core","internal",0,1000
"AACTOOR","core","internal",0,1000
"AADSACYCL","core","internal",0,1000
"AB6PGH","core","internal",0,1000
"AB6PGH2","core","internal",0,1000
"ABTAr","core","internal",-1000,1000
"ABUTD","core","internal",0,1000
"ABUTt2","core","internal",0,1000
"ACACCTr","core","internal",-1000,1000
"ACACT1r","core","internal",-1000,1000
"ACACT2r","core","internal",-1000,1000
"ACACT3r","core","internal",-1000,1000
"ACACT4r","core","internal",-1000,1000
"ACACT5r","core","internal",-1000,1000
"ACACT6r","core","internal",-1000,1000
"ACACT7r","core","internal",-1000,1000
"ACACt2","core","internal",-1000,1000
"ACALD","core","internal",-1000,1000
"ACALDt","core","internal",-1000,1000
"ACBIPGT","core","internal",0,1000
"ACCOAC","core","internal",0,1000
"ACCOACL","core","internal",0,1000
"ACCOAL","core","internal",0,1000
"ACGALK3","core","internal",0,1000
"ACGALpts","core","internal",0,1000
"ACGALt2r","core","internal",-1000,1000
"ACGAMT","core","internal",0,1000
"ACGApts","core","internal",0,1000
"ACGK","core","internal",0,1000
"ACGS","core","internal",0,1000
"ACHBPL","core","internal",-1000,1000
"ACKr","core","internal",-1000,1000
"ACLS_a","core","internal",0,1000
"ACLS_b","core","internal",-1000,1000
"ACNAMabc","core","internal",0,1000
"ACNAMt2r","core","internal",-1000,1000
"ACNML","core","internal",0,1000
"ACOAAGPAT140","core","internal",0,1000
"ACOAAGPAT160","core","internal",0,1000
"ACOAAGPAT180","core","internal",0,1000
"ACOAAGPATAI15","core","internal",0,1000
"ACOAAGPATAI17","core","internal",0,1000
"ACOAAGPATI14","core","internal",0,1000
"ACOAAGPATI15","core","internal",0,1000
"ACOAAGPATI16","core","internal",0,1000
"ACOAAGPATI17","core","internal",0,1000
"ACOAD1","core","internal",-1000,1000
"ACOAD1fi","core","internal",0,1000
"ACOAD2","core","internal",-1000,1000
"ACOAD20","core","internal",0,1000
"ACOAD3rev","core","internal",0,1000
"ACOAD4rev","core","internal",0,1000
"ACOAD5rev","core","internal",0,1000
"ACOAD6rev","core","internal",0,1000
"ACOAD7i","core","internal",0,1000
"ACOATA","core","internal",-1000,1000
"ACOCT","core","internal",0,1000
"ACODAr","core","internal",-1000,1000
"ACONMT","core","internal",0,1000
"ACONT","core","internal",-1000,1000
"ACONTa","core","internal",-1000,1000
"ACONTb","core","internal",-1000,1000
"ACOTA","core","internal",-1000,1000
"ACPS1","core","internal",0,1000
"ACPpds","core","internal",0,1000
"ACS","core","internal",0,1000
"ACYP","core","internal",0,1000
"ACYP_2","core","internal",0,1000
"ACt2r","core","internal",-1000,1000
"ADA","core","internal",0,1000
"ADCL","core","internal",0,1000
"ADCS","core","internal",0,1000
"ADD","core","internal",0,1000
"ADK1","core","internal",-1000,1000
"ADK10","core","internal",-1000,1000
"ADK11","core","internal",-1000,1000
"ADK2","core","internal",-1000,1000
"ADK3","core","internal",-1000,1000
"ADK5","core","internal",-1000,1000
"ADK7","core","internal",-1000,1000
"ADK8","core","internal",-1000,1000
"ADK9","core","internal",-1000,1000
"ADMDCr","core","internal",-1000,1000
"ADNCNT3tc","core","internal",-1000,1000
"ADNCYC","core","internal",0,1000
"ADNUC","core","internal",0,1000
"ADOCBIK","core","internal",0,1000
"ADOCBIK2","core","internal",0,1000
"ADOCBLS","core","internal",0,1000
"ADOCBLabc","core","internal",0,1000
"ADPRDP","core","internal",0,1000
"ADPT","core","internal",0,1000
"ADSELK","core","internal",0,1000
"ADSK","core","internal",0,1000
"ADSL1r","core","internal",-1000,1000
"ADSL2r","core","internal",-1000,1000
"ADSS","core","internal",0,1000
"AGALASE_OGLYCAN10e","core","internal",0,1000
"AGALASE_OGLYCAN11e","core","internal",0,1000
"AGALASE_OGLYCAN12e","core","internal",0,1000
"AGALASE_OGLYCAN13e","core","internal",0,1000
"AGALASE_OGLYCAN14e","core","internal",0,1000
"AGALASE_OGLYCAN15e","core","internal",0,1000
"AGALASE_OGLYCAN16e","core","internal",0,1000
"AGALASE_OGLYCAN17e","core","internal",0,1000
"AGALASE_OGLYCAN18e","core","internal",0,1000
"AGALASE_OGLYCAN19e","core","internal",0,1000
"AGALASE_OGLYCAN1e","core","internal",0,1000
"AGALASE_OGLYCAN20e","core","internal",0,1000
"AGALASE_OGLYCAN21e","core","internal",0,1000
"AGALASE_OGLYCAN22e","core","internal",0,1000
"AGALASE_OGLYCAN23e","core","internal",0,1000
"AGALASE_OGLYCAN24e","core","internal",0,1000
"AGALASE_OGLYCAN25e","core","internal",0,1000
"AGALASE_OGLYCAN26e","core","internal",0,1000
"AGALASE_OGLYCAN27e","core","internal",0,1000
"AGALASE_OGLYCAN28e","core","internal",0,1000
"AGALASE_OGLYCAN29e","core","internal",0,1000
"AGALASE_OGLYCAN2e","core","internal",0,1000
"AGALASE_OGLYCAN30e","core","internal",0,1000
"AGALASE_OGLYCAN31e","core","internal",0,1000
"AGALASE_OGLYCAN32e","core","internal",0,1000
"AGALASE_OGLYCAN33e","core","internal",0,1000
"AGALASE_OGLYCAN34e","core","internal",0,1000
"AGALASE_OGLYCAN35e","core","internal",0,1000
"AGALASE_OGLYCAN36e","core","internal",0,1000
"AGALASE_OGLYCAN37e","core","internal",0,1000
"AGALASE_OGLYCAN38e","core","internal",0,1000
"AGALASE_OGLYCAN39e","core","internal",0,1000
"AGALASE_OGLYCAN3e","core","internal",0,1000
"AGALASE_OGLYCAN40e","core","internal",0,1000
"AGALASE_OGLYCAN41e","core","internal",0,1000
"AGALASE_OGLYCAN42e","core","internal",0,1000
"AGALASE_OGLYCAN43e","core","internal",0,1000
"AGALASE_OGLYCAN44e","core","internal",0,1000
"AGALASE_OGLYCAN45e","core","internal",0,1000
"AGALASE_OGLYCAN46e","core","internal",0,1000
"AGALASE_OGLYCAN47e","core","internal",0,1000
"AGALASE_OGLYCAN48e","core","internal",0,1000
"AGALASE_OGLYCAN49e","core","internal",0,1000
"AGALASE_OGLYCAN4e","core","internal",0,1000
"AGALASE_OGLYCAN50e","core","internal",0,1000
"AGALASE_OGLYCAN51e","core","internal",0,1000
"AGALASE_OGLYCAN52e","core","internal",0,1000
"AGALASE_OGLYCAN53e","core","internal",0,1000
"AGALASE_OGLYCAN54e","core","internal",0,1000
"AGALASE_OGLYCAN55e","core","internal",0,1000
"AGALASE_OGLYCAN56e","core","internal",0,1000
"AGALASE_OGLYCAN57e","core","internal",0,1000
"AGALASE_OGLYCAN58e","core","internal",0,1000
"AGALASE_OGLYCAN59e","core","internal",0,1000
"AGALASE_OGLYCAN5e","core","internal",0,1000
"AGALASE_OGLYCAN60e","core","internal",0,1000
"AGALASE_OGLYCAN61e","core","internal",0,1000
"AGALASE_OGLYCAN62e","core","internal",0,1000
"AGALASE_OGLYCAN63e","core","internal",0,1000
"AGALASE_OGLYCAN64e","core","internal",0,1000
"AGALASE_OGLYCAN65e","core","internal",0,1000
"AGALASE_OGLYCAN66e","core","internal",0,1000
"AGALASE_OGLYCAN67e","core","internal",0,1000
"AGALASE_OGLYCAN68e","core","internal",0,1000
"AGALASE_OGLYCAN69e","core","internal",0,1000
"AGALASE_OGLYCAN6e","core","internal",0,1000
"AGALASE_OGLYCAN70e","core","internal",0,1000
"AGALASE_OGLYCAN71e","core","internal",0,1000
"AGALASE_OGLYCAN72e","core","internal",0,1000
"AGALASE_OGLYCAN73e","core","internal",0,1000
"AGALASE_OGLYCAN74e","core","internal",0,1000
"AGALASE_OGLYCAN75e","core","internal",0,1000
"AGALASE_OGLYCAN76e","core","internal",0,1000
"AGALASE_OGLYCAN77e","core","internal",0,1000
"AGALASE_OGLYCAN78e","core","internal",0,1000
"AGALASE_OGLYCAN79e","core","internal",0,1000
"AGALASE_OGLYCAN7e","core","internal",0,1000
"AGALASE_OGLYCAN8e","core","internal",0,1000
"AGALASE_OGLYCAN9e","core","internal",0,1000
"AGDC","core","internal",0,1000
"AGDC2","core","internal",0,1000
"AGMHE","core","internal",0,1000
"AGMT","core","internal",0,1000
"AGPAT120","core","internal",0,1000
"AGPAT140","core","internal",0,1000
"AGPAT141","core","internal",0,1000
"AGPAT160","core","internal",0,1000
"AGPAT161","core","internal",0,1000
"AGPAT180","core","internal",0,1000
"AGPAT181","core","internal",0,1000
"AGPR","core","internal",-1000,1000
"AHCYSNS_r","core","internal",-1000,1000
"AHMMPS","core","internal",0,1000
"AICART","core","internal",-1000,1000
"AIHPDCOATA","core","internal",-1000,1000
"AIPDCOATA","core","internal",-1000,1000
"AIRC4","core","internal",0,1000
"AKGS","core","internal",0,1000
"AKGt2r","core","internal",-1000,1000
"AKP1","core","internal",0,1000
"ALAALA","core","internal",0,1000
"ALAASP1c","core","internal",-1000,1000
"ALAASPabc","core","internal",0,1000
"ALACI","core","internal",-1000,1000
"ALAGLN1c","core","internal",-1000,1000
"ALAGLNabc","core","internal",0,1000
"ALAGLU1c","core","internal",-1000,1000
"ALAGLUabc","core","internal",0,1000
"ALAGLY1c","core","internal",-1000,1000
"ALAGLYabc","core","internal",0,1000
"ALAHIS1c","core","internal",-1000,1000
"ALAHISabc","core","internal",0,1000
"ALALEU1c","core","internal",-1000,1000
"ALALEUabc","core","internal",0,1000
"ALAR","core","internal",-1000,1000
"ALATA_L","core","internal",-1000,1000
"ALATHR1c","core","internal",-1000,1000
"ALATHRabc","core","internal",0,1000
"ALAt2r","core","internal",-1000,1000
"ALCD1","core","internal",-1000,1000
"ALCD19","core","internal",-1000,1000
"ALCD2x","core","internal",-1000,1000
"ALDD1","core","internal",0,1000
"ALKP","core","internal",0,1000
"ALLTAMH2","core","internal",0,1000
"ALLTN","core","internal",0,1000
"ALLTNRS","core","internal",0,1000
"ALLTNS","core","internal",0,1000
"ALLTNt2r","core","internal",-1000,1000
"ALPHNH","core","internal",0,1000
"ALTRH","core","internal",0,1000
"AMALT1","core","internal",0,1000
"AMALT2","core","internal",0,1000
"AMALT3","core","internal",0,1000
"AMALT4","core","internal",0,1000
"AMANAPEr","core","internal",-1000,1000
"AMANK","core","internal",0,1000
"AMAOTr","core","internal",-1000,1000
"AMMQT8r","core","internal",-1000,1000
"AMOPBHL","core","internal",0,1000
"AMPMS2","core","internal",0,1000
"AMPN","core","internal",0,1000
"AMPTASECG","core","internal",0,1000
"AMPTASEGC","core","internal",0,1000
"ANPRT","core","internal",0,1000
"ANS","core","internal",0,1000
"ANS2","core","internal",0,1000
"AOBUTDs","core","internal",0,1000
"AOXHEXCYCL","core","internal",-1000,1000
"AOXSr","core","internal",-1000,1000
"AOXSr2","core","internal",-1000,1000
"AP4AH","core","internal",0,1000
"APRAUR","core","internal",0,1000
"APSRmq","core","internal",0,1000
"APTNAT","core","internal",-1000,1000
"ARAI","core","internal",-1000,1000
"ARBTpts","core","internal",0,1000
"ARBabc","core","internal",0,1000
"ARBt2r","core","internal",-1000,1000
"ARGDC","core","internal",0,1000
"ARGSL","core","internal",-1000,1000
"ARGSSr","core","internal",-1000,1000
"ARGabc","core","internal",0,1000
"ARGt2","core","internal",0,1000
"ASAD","core","internal",-1000,1000
"ASCBPL","core","internal",0,1000
"ASNS1","core","internal",0,1000
"ASNS2","core","internal",0,1000
"ASNt2r","core","internal",-1000,1000
"ASO3t","core","internal",-1000,1000
"ASO4t","core","internal",-1000,1000
"ASP1DC","core","internal",0,1000
"ASPCT","core","internal",0,1000
"ASPKi","core","internal",0,1000
"ASPO1","core","internal",0,1000
"ASPO5","core","internal",0,1000
"ASPO6","core","internal",0,1000
"ASPO7","core","internal",0,1000
"ASPT","core","internal",0,1000
"ASPTA","core","internal",-1000,1000
"ASPabc","core","internal",0,1000
"ASPt2","core","internal",0,1000
"ASPt2_3","core","internal",0,1000
"AST","core","internal",0,1000
"ATPPRT","core","internal",0,1000
"ATPS4","core","internal",0,1000
"BACCLi","core","internal",0,1000
"BBTCOAOX","core","internal",-1000,1000
"BDH","core","internal",-1000,1000
"BETALDHx","core","internal",0,1000
"BETALDHy","core","internal",0,1000
"BGALASE_OGLYCAN100e","core","internal",0,1000
"BGALASE_OGLYCAN101e","core","internal",0,1000
"BGALASE_OGLYCAN102e","core","internal",0,1000
"BGALASE_OGLYCAN103e","core","internal",0,1000
"BGALASE_OGLYCAN104e","core","internal",0,1000
"BGALASE_OGLYCAN105e","core","internal",0,1000
"BGALASE_OGLYCAN106e","core","internal",0,1000
"BGALASE_OGLYCAN107e","core","internal",0,1000
"BGALASE_OGLYCAN108e","core","internal",0,1000
"BGALASE_OGLYCAN109e","core","internal",0,1000
"BGALASE_OGLYCAN10e","core","internal",0,1000
"BGALASE_OGLYCAN110e","core","internal",0,1000
"BGALASE_OGLYCAN111e","core","internal",0,1000
"BGALASE_OGLYCAN112e","core","internal",0,1000
"BGALASE_OGLYCAN113e","core","internal",0,1000
"BGALASE_OGLYCAN114e","core","internal",0,1000
"BGALASE_OGLYCAN115e","core","internal",0,1000
"BGALASE_OGLYCAN116e","core","internal",0,1000
"BGALASE_OGLYCAN117e","core","internal",0,1000
"BGALASE_OGLYCAN118e","core","internal",0,1000
"BGALASE_OGLYCAN119e","core","internal",0,1000
"BGALASE_OGLYCAN11e","core","internal",0,1000
"BGALASE_OGLYCAN120e","core","internal",0,1000
"BGALASE_OGLYCAN121e","core","internal",0,1000
"BGALASE_OGLYCAN122e","core","internal",0,1000
"BGALASE_OGLYCAN123e","core","internal",0,1000
"BGALASE_OGLYCAN124e","core","internal",0,1000
"BGALASE_OGLYCAN125e","core","internal",0,1000
"BGALASE_OGLYCAN126e","core","internal",0,1000
"BGALASE_OGLYCAN127e","core","internal",0,1000
"BGALASE_OGLYCAN128e","core","internal",0,1000
"BGALASE_OGLYCAN129e","core","internal",0,1000
"BGALASE_OGLYCAN12e","core","internal",0,1000
"BGALASE_OGLYCAN130e","core","internal",0,1000
"BGALASE_OGLYCAN131e","core","internal",0,1000
"BGALASE_OGLYCAN132e","core","internal",0,1000
"BGALASE_OGLYCAN133e","core","internal",0,1000
"BGALASE_OGLYCAN134e","core","internal",0,1000
"BGALASE_OGLYCAN135e","core","internal",0,1000
"BGALASE_OGLYCAN136e","core","internal",0,1000
"BGALASE_OGLYCAN137e","core","internal",0,1000
"BGALASE_OGLYCAN138e","core","internal",0,1000
"BGALASE_OGLYCAN139e","core","internal",0,1000
"BGALASE_OGLYCAN13e","core","internal",0,1000
"BGALASE_OGLYCAN140e","core","internal",0,1000
"BGALASE_OGLYCAN141e","core","internal",0,1000
"BGALASE_OGLYCAN142e","core","internal",0,1000
"BGALASE_OGLYCAN143e","core","internal",0,1000
"BGALASE_OGLYCAN144e","core","internal",0,1000
"BGALASE_OGLYCAN145e","core","internal",0,1000
"BGALASE_OGLYCAN146e","core","internal",0,1000
"BGALASE_OGLYCAN147e","core","internal",0,1000
"BGALASE_OGLYCAN148e","core","internal",0,1000
"BGALASE_OGLYCAN149e","core","internal",0,1000
"BGALASE_OGLYCAN14e","core","internal",0,1000
"BGALASE_OGLYCAN150e","core","internal",0,1000
"BGALASE_OGLYCAN15e","core","internal",0,1000
"BGALASE_OGLYCAN16e","core","internal",0,1000
"BGALASE_OGLYCAN17e","core","internal",0,1000
"BGALASE_OGLYCAN18e","core","internal",0,1000
"BGALASE_OGLYCAN19e","core","internal",0,1000
"BGALASE_OGLYCAN1e","core","internal",0,1000
"BGALASE_OGLYCAN20e","core","internal",0,1000
"BGALASE_OGLYCAN21e","core","internal",0,1000
"BGALASE_OGLYCAN22e","core","internal",0,1000
"BGALASE_OGLYCAN23e","core","internal",0,1000
"BGALASE_OGLYCAN24e","core","internal",0,1000
"BGALASE_OGLYCAN25e","core","internal",0,1000
"BGALASE_OGLYCAN26e","core","internal",0,1000
"BGALASE_OGLYCAN27e","core","internal",0,1000
"BGALASE_OGLYCAN28e","core","internal",0,1000
"BGALASE_OGLYCAN29e","core","internal",0,1000
"BGALASE_OGLYCAN2e","core","internal",0,1000
"BGALASE_OGLYCAN30e","core","internal",0,1000
"BGALASE_OGLYCAN31e","core","internal",0,1000
"BGALASE_OGLYCAN32e","core","internal",0,1000
"BGALASE_OGLYCAN33e","core","internal",0,1000
"BGALASE_OGLYCAN34e","core","internal",0,1000
"BGALASE_OGLYCAN35e","core","internal",0,1000
"BGALASE_OGLYCAN36e","core","internal",0,1000
"BGALASE_OGLYCAN37e","core","internal",0,1000
"BGALASE_OGLYCAN38e","core","internal",0,1000
"BGALASE_OGLYCAN39e","core","internal",0,1000
"BGALASE_OGLYCAN3e","core","internal",0,1000
"BGALASE_OGLYCAN40e","core","internal",0,1000
"BGALASE_OGLYCAN41e","core","internal",0,1000
"BGALASE_OGLYCAN42e","core","internal",0,1000
"BGALASE_OGLYCAN43e","core","internal",0,1000
"BGALASE_OGLYCAN44e","core","internal",0,1000
"BGALASE_OGLYCAN45e","core","internal",0,1000
"BGALASE_OGLYCAN46e","core","internal",0,1000
"BGALASE_OGLYCAN47e","core","internal",0,1000
"BGALASE_OGLYCAN48e","core","internal",0,1000
"BGALASE_OGLYCAN49e","core","internal",0,1000
"BGALASE_OGLYCAN4e","core","internal",0,1000
"BGALASE_OGLYCAN50e","core","internal",0,1000
"BGALASE_OGLYCAN51e","core","internal",0,1000
"BGALASE_OGLYCAN52e","core","internal",0,1000
"BGALASE_OGLYCAN53e","core","internal",0,1000
"BGALASE_OGLYCAN54e","core","internal",0,1000
"BGALASE_OGLYCAN55e","core","internal",0,1000
"BGALASE_OGLYCAN56e","core","internal",0,1000
"BGALASE_OGLYCAN57e","core","internal",0,1000
"BGALASE_OGLYCAN58e","core","internal",0,1000
"BGALASE_OGLYCAN59e","core","internal",0,1000
"BGALASE_OGLYCAN5e","core","internal",0,1000
"BGALASE_OGLYCAN60e","core","internal",0,1000
"BGALASE_OGLYCAN61e","core","internal",0,1000
"BGALASE_OGLYCAN62e","core","internal",0,1000
"BGALASE_OGLYCAN63e","core","internal",0,1000
"BGALASE_OGLYCAN64e","core","internal",0,1000
"BGALASE_OGLYCAN65e","core","internal",0,1000
"BGALASE_OGLYCAN66e","core","internal",0,1000
"BGALASE_OGLYCAN67e","core","internal",0,1000
"BGALASE_OGLYCAN68e","core","internal",0,1000
"BGALASE_OGLYCAN69e","core","internal",0,1000
"BGALASE_OGLYCAN6e","core","internal",0,1000
"BGALASE_OGLYCAN70e","core","internal",0,1000
"BGALASE_OGLYCAN71e","core","internal",0,1000
"BGALASE_OGLYCAN72e","core","internal",0,1000
"BGALASE_OGLYCAN73e","core","internal",0,1000
"BGALASE_OGLYCAN74e","core","internal",0,1000
"BGALASE_OGLYCAN75e","core","internal",0,1000
"BGALASE_OGLYCAN76e","core","internal",0,1000
"BGALASE_OGLYCAN77e","core","internal",0,1000
"BGALASE_OGLYCAN78e","core","internal",0,1000
"BGALASE_OGLYCAN79e","core","internal",0,1000
"BGALASE_OGLYCAN7e","core","internal",0,1000
"BGALASE_OGLYCAN80e","core","internal",0,1000
"BGALASE_OGLYCAN81e","core","internal",0,1000
"BGALASE_OGLYCAN82e","core","internal",0,1000
"BGALASE_OGLYCAN83e","core","internal",0,1000
"BGALASE_OGLYCAN84e","core","internal",0,1000
"BGALASE_OGLYCAN85e","core","internal",0,1000
"BGALASE_OGLYCAN86e","core","internal",0,1000
"BGALASE_OGLYCAN87e","core","internal",0,1000
"BGALASE_OGLYCAN88e","core","internal",0,1000
"BGALASE_OGLYCAN89e","core","internal",0,1000
"BGALASE_OGLYCAN8e","core","internal",0,1000
"BGALASE_OGLYCAN90e","core","internal",0,1000
"BGALASE_OGLYCAN91e","core","internal",0,1000
"BGALASE_OGLYCAN92e","core","internal",0,1000
"BGALASE_OGLYCAN93e","core","internal",0,1000
"BGALASE_OGLYCAN94e","core","internal",0,1000
"BGALASE_OGLYCAN95e","core","internal",0,1000
"BGALASE_OGLYCAN96e","core","internal",0,1000
"BGALASE_OGLYCAN97e","core","internal",0,1000
"BGALASE_OGLYCAN98e","core","internal",0,1000
"BGALASE_OGLYCAN99e","core","internal",0,1000
"BGALASE_OGLYCAN9e","core","internal",0,1000
"BGLA1","core","internal",0,1000
"BGLAr","core","internal",-1000,1000
"BIACt1","core","internal",-1000,1000
"BIACt4","core","internal",-1000,1000
"BPNT","core","internal",0,1000
"BSORx","core","internal",0,1000
"BSORy","core","internal",0,1000
"BTNCLi","core","internal",0,1000
"BTNabc","core","internal",0,1000
"BTS4","core","internal",0,1000
"BUTCT","core","internal",0,1000
"BUTSO3abc","core","internal",0,1000
"BUTt2","core","internal",0,1000
"CADVt","core","internal",-1000,1000
"CAt4i","core","internal",0,1000
"CBIAT","core","internal",-1000,1000
"CBL1abc","core","internal",0,1000
"CBL2abc","core","internal",0,1000
"CBLAT","core","internal",-1000,1000
"CBMK","core","internal",0,1000
"CBMTHL","core","internal",0,1000
"CBMTHL2","core","internal",-1000,1000
"CBPS","core","internal",0,1000
"CCOuq","core","internal",0,1000
"CD2abc1","core","internal",0,1000
"CDAPPA120","core","internal",0,1000
"CDAPPA140","core","internal",0,1000
"CDAPPA141","core","internal",0,1000
"CDAPPA160","core","internal",0,1000
"CDAPPA161","core","internal",0,1000
"CDAPPA180","core","internal",0,1000
"CDAPPA181","core","internal",0,1000
"CDCA7aHSDHe","core","internal",-1000,1000
"CDOSKT","core","internal",-1000,1000
"CDPMEK","core","internal",0,1000
"CGLYabc","core","internal",0,1000
"CHLt2r","core","internal",-1000,1000
"CHOLD","core","internal",0,1000
"CHOLSH","core","internal",0,1000
"CHORM","core","internal",0,1000
"CHORS","core","internal",0,1000
"CHRPL","core","internal",0,1000
"CINNDO","core","internal",0,1000
"CINNMt2r","core","internal",-1000,1000
"CITL","core","internal",0,1000
"CITt7","core","internal",-1000,1000
"CLPNS140","core","internal",-1000,1000
"CLPNS160","core","internal",-1000,1000
"CLPNS180","core","internal",-1000,1000
"CLPNSAI15","core","internal",-1000,1000
"CLPNSAI17","core","internal",-1000,1000
"CLPNSI14","core","internal",-1000,1000
"CLPNSI15","core","internal",-1000,1000
"CLPNSI16","core","internal",-1000,1000
"CLPNSI17","core","internal",-1000,1000
"CO2t","core","internal",-1000,1000
"COBALTt5","core","internal",-1000,1000
"CPPPGO","core","internal",0,1000
"CPPPGO2","core","internal",0,1000
"CRNBTCT","core","internal",-1000,1000
"CRNCBCT","core","internal",-1000,1000
"CRNCDH","core","internal",-1000,1000
"CRNabc","core","internal",0,1000
"CRNt7","core","internal",-1000,1000
"CSND","core","internal",0,1000
"CSNt2","core","internal",0,1000
"CTBTt","core","internal",0,1000
"CTPS1","core","internal",0,1000
"CTPS2","core","internal",0,1000
"CYNTt2","core","internal",0,1000
"CYOmq","core","internal",0,1000
"CYRDAAT","core","internal",0,1000
"CYSDS","core","internal",0,1000
"CYSS","core","internal",0,1000
"CYSS3r","core","internal",-1000,1000
"CYSTL","core","internal",0,1000
"CYSt2r","core","internal",-1000,1000
"CYTBD","core","internal",0,1000
"CYTBD2","core","internal",0,1000
"CYTD","core","internal",0,1000
"CYTDK1","core","internal",0,1000
"CYTDK2","core","internal",0,1000
"CYTDK3","core","internal",0,1000
"CYTDK4","core","internal",0,1000
"CYTDt2","core","internal",0,1000
"CYTDt4","core","internal",0,1000
"CYTK1","core","internal",-1000,1000
"CYTK2","core","internal",-1000,1000
"Cuabc","core","internal",0,1000
"Cut1","core","internal",0,1000
"DAAD","core","internal",0,1000
"DADA","core","internal",0,1000
"DADNt2r","core","internal",-1000,1000
"DAGK120","core","internal",0,1000
"DAGK140","core","internal",0,1000
"DAGK141","core","internal",0,1000
"DAGK160","core","internal",0,1000
"DAGK161","core","internal",0,1000
"DAGK180","core","internal",0,1000
"DAGK181","core","internal",0,1000
"DALAt2r","core","internal",-1000,1000
"DAPAT","core","internal",0,1000
"DAPDC","core","internal",0,1000
"DAPE","core","internal",-1000,1000
"DASYN120","core","internal",0,1000
"DASYN140","core","internal",0,1000
"DASYN141","core","internal",0,1000
"DASYN160","core","internal",0,1000
"DASYN161","core","internal",0,1000
"DASYN180","core","internal",0,1000
"DASYN181","core","internal",0,1000
"DASYNAI15","core","internal",0,1000
"DASYNAI17","core","internal",0,1000
"DASYNI14","core","internal",0,1000
"DASYNI15","core","internal",0,1000
"DASYNI16","core","internal",0,1000
"DASYNI17","core","internal",0,1000
"DB4PS","core","internal",0,1000
"DBTS","core","internal",0,1000
"DCTPD","core","internal",0,1000
"DCTPD2","core","internal",0,1000
"DCYTD","core","internal",0,1000
"DCYTt2r","core","internal",-1000,1000
"DDCAt","core","internal",-1000,1000
"DDGALK","core","internal",0,1000
"DDGLCNt2r","core","internal",-1000,1000
"DDGLK","core","internal",0,1000
"DDPA","core","internal",0,1000
"DDPGA","core","internal",-1000,1000
"DDPGALA","core","internal",-1000,1000
"DGK1","core","internal",-1000,1000
"DGSNt2","core","internal",0,1000
"DHAD1","core","internal",0,1000
"DHAD2","core","internal",0,1000
"DHAPT","core","internal",0,1000
"DHBD","core","internal",-1000,1000
"DHBS","core","internal",0,1000
"DHCIND","core","internal",0,1000
"DHCINNMt2r","core","internal",-1000,1000
"DHDPRy","core","internal",0,1000
"DHDPS","core","internal",0,1000
"DHFOR2","core","internal",-1000,1000
"DHFR","core","internal",-1000,1000
"DHFS","core","internal",0,1000
"DHNAOPT","core","internal",-1000,1000
"DHNAOT4","core","internal",0,1000
"DHNPA","core","internal",0,1000
"DHNPA2","core","internal",0,1000
"DHORD2","core","internal",0,1000
"DHORD5","core","internal",0,1000
"DHORDfum","core","internal",0,1000
"DHORDi","core","internal",0,1000
"DHORTS","core","internal",-1000,1000
"DHPPD","core","internal",0,1000
"DHPPDA","core","internal",0,1000
"DHPPPNt2r","core","internal",-1000,1000
"DHPR","core","internal",0,1000
"DHPS","core","internal",0,1000
"DHPS2","core","internal",0,1000
"DHQS","core","internal",0,1000
"DHQTi","core","internal",0,1000
"DINSt2","core","internal",0,1000
"DKGLCNR1","core","internal",0,1000
"DMATT","core","internal",0,1000
"DMPPS","core","internal",0,1000
"DMPPS2r","core","internal",-1000,1000
"DMSOR1","core","internal",0,1000
"DMSOR2","core","internal",0,1000
"DMSORdmq","core","internal",0,1000
"DMSORmq","core","internal",0,1000
"DM_4HBA","boundary","demand",0,1000
"DM_5DRIB","boundary","demand",0,1000
"DM_AMOB","boundary","demand",0,1000
"DM_HQN","boundary","demand",0,1000
"DM_atp_c","boundary","demand",0,1000
"DM_btn","boundary","demand",0,1000
"DM_clpn140_c","boundary","demand",0,1000
"DM_clpn160_c","boundary","demand",0,1000
"DM_clpn180_c","boundary","demand",0,1000
"DM_clpni16_c","boundary","demand",0,1000
"DM_dad_5","boundary","demand",0,1000
"DM_dhptd_c","boundary","demand",-1000,1000
"DM_kdo2lipid4L_c","boundary","demand",0,1000
"DNTPPA","core","internal",0,1000
"DOGULNR","core","internal",0,1000
"DPCOAK","core","internal",0,1000
"DPRr","core","internal",-1000,1000
"DRBK","core","internal",0,1000
"DRIBabc","core","internal",0,1000
"DRPAr","core","internal",-1000,1000
"DSERt2r","core","internal",-1000,1000
"DTMPK","core","internal",0,1000
"DURAD","core","internal",-1000,1000
"DURAD2","core","internal",-1000,1000
"DURIK1","core","internal",0,1000
"DURIPP","core","internal",-1000,1000
"DURIt2","core","internal",0,1000
"DUTPDP","core","internal",0,1000
"DXPRIr","core","internal",-1000,1000
"DXPS","core","internal",0,1000
"D_LACD","core","internal",0,1000
"D_LACt2","core","internal",-1000,1000
"E4PD","core","internal",-1000,1000
"EACPR1","core","internal",0,1000
"EACPR2","core","internal",0,1000
"EAR100x","core","internal",0,1000
"EAR10M11x","core","internal",0,1000
"EAR10M12x","core","internal",0,1000
"EAR11M12x","core","internal",0,1000
"EAR120x","core","internal",0,1000
"EAR12M13x","core","internal",0,1000
"EAR12M14x","core","internal",0,1000
"EAR13M14x","core","internal",0,1000
"EAR140x","core","internal",0,1000
"EAR14M15x","core","internal",0,1000
"EAR14M16x","core","internal",0,1000
"EAR15M16x","core","internal",0,1000
"EAR160x","core","internal",0,1000
"EAR180x","core","internal",0,1000
"EAR40x","core","internal",0,1000
"EAR4M5x","core","internal",0,1000
"EAR4M6x","core","internal",0,1000
"EAR5M6x","core","internal",0,1000
"EAR60x","core","internal",0,1000
"EAR6M7x","core","internal",0,1000
"EAR6M8x","core","internal",0,1000
"EAR7M8x","core","internal",0,1000
"EAR80x","core","internal",0,1000
"EAR8M10x","core","internal",0,1000
"EAR8M9x","core","internal",0,1000
"EAR9M10x","core","internal",0,1000
"ECOAH1","core","internal",-1000,1000
"ECOAH12","core","internal",0,1000
"ECOAH2","core","internal",-1000,1000
"ECOAH3","core","internal",-1000,1000
"ECOAH4","core","internal",-1000,1000
"ECOAH5","core","internal",-1000,1000
"ECOAH6","core","internal",-1000,1000
"ECOAH7","core","internal",-1000,1000
"ECOAH9","core","internal",-1000,1000
"EDA","core","internal",0,1000
"EDD","core","internal",0,1000
"EDTXS1","core","internal",0,1000
"EDTXS2","core","internal",0,1000
"EHGLAT","core","internal",0,1000
"ENO","core","internal",-1000,1000
"ETHAAL","core","internal",0,1000
"ETHAt2","core","internal",0,1000
"ETHSO3abc","core","internal",0,1000
"ETOHt","core","internal",-1000,1000
"EX_12ppd_S_e","boundary","exchange",-1000,1000
"EX_15dap_e","boundary","exchange",-1000,1000
"EX_2ddglcn_e","boundary","exchange",-1000,1000
"EX_3hpppn_e","boundary","exchange",-1000,1000
"EX_4abut_e","boundary","exchange",-1000,1000
"EX_4hbz_e","boundary","exchange",-1000,1000
"EX_4hoxpacd_e","boundary","exchange",-1000,1000
"EX_7dhcdchol_e","boundary","exchange",-1000,1000
"EX_7ocholate_e","boundary","exchange",-1000,1000
"EX_C02528_e","boundary","exchange",-1000,1000
"EX_Lcyst_e","boundary","exchange",-1000,1000
"EX_MGlcn100_e","boundary","exchange",-1000,1000
"EX_MGlcn100_rl_e","boundary","exchange",-1000,1000
"EX_MGlcn101_e","boundary","exchange",-1000,1000
"EX_MGlcn101_rl_e","boundary","exchange",-1000,1000
"EX_MGlcn102_e","boundary","exchange",-1000,1000
"EX_MGlcn102_rl_e","boundary","exchange",-1000,1000
"EX_MGlcn104_e","boundary","exchange",-1000,1000
"EX_MGlcn104_rl_e","boundary","exchange",-1000,1000
"EX_MGlcn105_e","boundary","exchange",-1000,1000
"EX_MGlcn105_rl_e","boundary","exchange",-1000,1000
"EX_MGlcn106_e","boundary","exchange",-1000,1000
"EX_MGlcn106_rl_e","boundary","exchange",-1000,1000
"EX_MGlcn107_e","boundary","exchange",-1000,1000
"EX_MGlcn107_rl_e","boundary","exchange",-1000,1000
"EX_MGlcn109_e","boundary","exchange",-1000,1000
"EX_MGlcn109_rl_e","boundary","exchange",-1000,1000
"EX_MGlcn110_e","boundary","exchange",-1000,1000
"EX_MGlcn110_rl_e","boundary","exchange",-1000,1000
"EX_MGlcn111_e","boundary","exchange",-1000,1000
"EX_MGlcn111_rl_e","boundary","exchange",-1000,1000
"EX_MGlcn112_e","boundary","exchange",-1000,1000
"EX_MGlcn112_rl_e","boundary","exchange",-1000,1000
"EX_MGlcn113_e","boundary","exchange",-1000,1000
"EX_MGlcn113_rl_e","boundary","exchange",-1000,1000
"EX_MGlcn114_e","boundary","exchange",-1000,1000
"EX_MGlcn114_rl_e","boundary","exchange",-1000,1000
"EX_MGlcn115_e","boundary","exchange",-1000,1000
"EX_MGlcn115_rl_e","boundary","exchange",-1000,1000
"EX_MGlcn117_e","boundary","exchange",-1000,1000
"EX_MGlcn117_rl_e","boundary","exchange",-1000,1000
"EX_MGlcn12_e","boundary","exchange",-1000,1000
"EX_MGlcn120_e","boundary","exchange",-1000,1000
"EX_MGlcn120_rl_e","boundary","exchange",-1000,1000
"EX_MGlcn126_e","boundary","exchange",-1000,1000
"EX_MGlcn126_rl_e","boundary","exchange",-1000,1000
"EX_MGlcn12_rl_e","boundary","exchange",-1000,1000
"EX_MGlcn13_e","boundary","exchange",-1000,1000
"EX_MGlcn130_e","boundary","exchange",-1000,1000
"EX_MGlcn130_rl_e","boundary","exchange",-1000,1000
"EX_MGlcn131_e","boundary","exchange",-1000,1000
"EX_MGlcn131_rl_e","boundary","exchange",-1000,1000
"EX_MGlcn137_e","boundary","exchange",-1000,1000
"EX_MGlcn137_rl_e","boundary","exchange",-1000,1000
"EX_MGlcn138_e","boundary","exchange",-1000,1000
"EX_MGlcn138_rl_e","boundary","exchange",-1000,1000
"EX_MGlcn139_e","boundary","exchange",-1000,1000
"EX_MGlcn139_rl_e","boundary","exchange",-1000,1000
"EX_MGlcn13_rl_e","boundary","exchange",-1000,1000
"EX_MGlcn14_e","boundary","exchange",-1000,1000
"EX_MGlcn140_e","boundary","exchange",-1000,1000
"EX_MGlcn140_rl_e","boundary","exchange",-1000,1000
"EX_MGlcn141_e","boundary","exchange",-1000,1000
"EX_MGlcn141_rl_e","boundary","exchange",-1000,1000
"EX_MGlcn142_e","boundary","exchange",-1000,1000
"EX_MGlcn142_rl_e","boundary","exchange",-1000,1000
"EX_MGlcn143_e","boundary","exchange",-1000,1000
"EX_MGlcn143_rl_e","boundary","exchange",-1000,1000
"EX_MGlcn144_e","boundary","exchange",-1000,1000
"EX_MGlcn144_rl_e","boundary","exchange",-1000,1000
"EX_MGlcn145_e","boundary","exchange",-1000,1000
"EX_MGlcn145_rl_e","boundary","exchange",-1000,1000
"EX_MGlcn146_e","boundary","exchange",-1000,1000
"EX_MGlcn146_rl_e","boundary","exchange",-1000,1000
"EX_MGlcn147_e","boundary","exchange",-1000,1000
"EX_MGlcn147_rl_e","boundary","exchange",-1000,1000
"EX_MGlcn148_e","boundary","exchange",-1000,1000
"EX_MGlcn148_rl_e","boundary","exchange",-1000,1000
"EX_MGlcn149_e","boundary","exchange",-1000,1000
"EX_MGlcn149_rl_e","boundary","exchange",-1000,1000
"EX_MGlcn14_rl_e","boundary","exchange",-1000,1000
"EX_MGlcn150_e","boundary","exchange",-1000,1000
"EX_MGlcn150_rl_e","boundary","exchange",-1000,1000
"EX_MGlcn151_e","boundary","exchange",-1000,1000
"EX_MGlcn151_rl_e","boundary","exchange",-1000,1000
"EX_MGlcn152_e","boundary","exchange",-1000,1000
"EX_MGlcn152_rl_e","boundary","exchange",-1000,1000
"EX_MGlcn153_e","boundary","exchange",-1000,1000
"EX_MGlcn153_rl_e","boundary","exchange",-1000,1000
"EX_MGlcn154_e","boundary","exchange",-1000,1000
"EX_MGlcn154_rl_e","boundary","exchange",-1000,1000
"EX_MGlcn155_e","boundary","exchange",-1000,1000
"EX_MGlcn155_rl_e","boundary","exchange",-1000,1000
"EX_MGlcn156_e","boundary","exchange",-1000,1000
"EX_MGlcn156_rl_e","boundary","exchange",-1000,1000
"EX_MGlcn157_e","boundary","exchange",-1000,1000
"EX_MGlcn157_rl_e","boundary","exchange",-1000,1000
"EX_MGlcn158_e","boundary","exchange",-1000,1000
"EX_MGlcn158_rl_e","boundary","exchange",-1000,1000
"EX_MGlcn159_e","boundary","exchange",-1000,1000
"EX_MGlcn159_rl_e","boundary","exchange",-1000,1000
"EX_MGlcn16_e","boundary","exchange",-1000,1000
"EX_MGlcn160_e","boundary","exchange",-1000,1000
"EX_MGlcn160_rl_e","boundary","exchange",-1000,1000
"EX_MGlcn161_e","boundary","exchange",-1000,1000
"EX_MGlcn161_rl_e","boundary","exchange",-1000,1000
"EX_MGlcn163_e","boundary","exchange",-1000,1000
"EX_MGlcn163_rl_e","boundary","exchange",-1000,1000
"EX_MGlcn164_e","boundary","exchange",-1000,1000
"EX_MGlcn164_rl_e","boundary","exchange",-1000,1000
"EX_MGlcn165_e","boundary","exchange",-1000,1000
"EX_MGlcn165_rl_e","boundary","exchange",-1000,1000
"EX_MGlcn166_e","boundary","exchange",-1000,1000
"EX_MGlcn166_rl_e","boundary","exchange",-1000,1000
"EX_MGlcn167_e","boundary","exchange",-1000,1000
"EX_MGlcn167_rl_e","boundary","exchange",-1000,1000
"EX_MGlcn168_e","boundary","exchange",-1000,1000
"EX_MGlcn168_rl_e","boundary","exchange",-1000,1000
"EX_MGlcn169_e","boundary","exchange",-1000,1000
"EX_MGlcn169_rl_e","boundary","exchange",-1000,1000
"EX_MGlcn16_rl_e","boundary","exchange",-1000,1000
"EX_MGlcn170_e","boundary","exchange",-1000,1000
"EX_MGlcn170_rl_e","boundary","exchange",-1000,1000
"EX_MGlcn171_e","boundary","exchange",-1000,1000
"EX_MGlcn171_rl_e","boundary","exchange",-1000,1000
"EX_MGlcn172_e","boundary","exchange",-1000,1000
"EX_MGlcn172_rl_e","boundary","exchange",-1000,1000
"EX_MGlcn173_e","boundary","exchange",-1000,1000
"EX_MGlcn173_rl_e","boundary","exchange",-1000,1000
"EX_MGlcn174_e","boundary","exchange",-1000,1000
"EX_MGlcn174_rl_e","boundary","exchange",-1000,1000
"EX_MGlcn175_e","boundary","exchange",-1000,1000
"EX_MGlcn175_rl_e","boundary","exchange",-1000,1000
"EX_MGlcn176_e","boundary","exchange",-1000,1000
"EX_MGlcn176_rl_e","boundary","exchange",-1000,1000
"EX_MGlcn177_e","boundary","exchange",-1000,1000
"EX_MGlcn177_rl_e","boundary","exchange",-1000,1000
"EX_MGlcn178_e","boundary","exchange",-1000,1000
"EX_MGlcn178_rl_e","boundary","exchange",-1000,1000
"EX_MGlcn179_e","boundary","exchange",-1000,1000
"EX_MGlcn179_rl_e","boundary","exchange",-1000,1000
"EX_MGlcn18_e","boundary","exchange",-1000,1000
"EX_MGlcn180_e","boundary","exchange",-1000,1000
"EX_MGlcn180_rl_e","boundary","exchange",-1000,1000
"EX_MGlcn181_e","boundary","exchange",-1000,1000
"EX_MGlcn181_rl_e","boundary","exchange",-1000,1000
"EX_MGlcn182_e","boundary","exchange",-1000,1000
"EX_MGlcn182_rl_e","boundary","exchange",-1000,1000
"EX_MGlcn18_rl_e","boundary","exchange",-1000,1000
"EX_MGlcn195_e","boundary","exchange",-1000,1000
"EX_MGlcn195_rl_e","boundary","exchange",-1000,1000
"EX_MGlcn196_e","boundary","exchange",-1000,1000
"EX_MGlcn196_rl_e","boundary","exchange",-1000,1000
"EX_MGlcn2_e","boundary","exchange",-1000,1000
"EX_MGlcn21_e","boundary","exchange",-1000,1000
"EX_MGlcn21_rl_e","boundary","exchange",-1000,1000
"EX_MGlcn22_e","boundary","exchange",-1000,1000
"EX_MGlcn22_rl_e","boundary","exchange",-1000,1000
"EX_MGlcn23_e","boundary","exchange",-1000,1000
"EX_MGlcn23_rl_e","boundary","exchange",-1000,1000
"EX_MGlcn25_e","boundary","exchange",-1000,1000
"EX_MGlcn25_rl_e","boundary","exchange",-1000,1000
"EX_MGlcn26_e","boundary","exchange",-1000,1000
"EX_MGlcn26_rl_e","boundary","exchange",-1000,1000
"EX_MGlcn27_e","boundary","exchange",-1000,1000
"EX_MGlcn27_rl_e","boundary","exchange",-1000,1000
"EX_MGlcn28_e","boundary","exchange",-1000,1000
"EX_MGlcn28_rl_e","boundary","exchange",-1000,1000
"EX_MGlcn29_e","boundary","exchange",-1000,1000
"EX_MGlcn29_rl_e","boundary","exchange",-1000,1000
"EX_MGlcn2_rl_e","boundary","exchange",-1000,1000
"EX_MGlcn3_e","boundary","exchange",-1000,1000
"EX_MGlcn30_e","boundary","exchange",-1000,1000
"EX_MGlcn30_rl_e","boundary","exchange",-1000,1000
"EX_MGlcn31_e","boundary","exchange",-1000,1000
"EX_MGlcn31_rl_e","boundary","exchange",-1000,1000
"EX_MGlcn32_e","boundary","exchange",-1000,1000
"EX_MGlcn32_rl_e","boundary","exchange",-1000,1000
"EX_MGlcn34_e","boundary","exchange",-1000,1000
"EX_MGlcn34_rl_e","boundary","exchange",-1000,1000
"EX_MGlcn35_e","boundary","exchange",-1000,1000
"EX_MGlcn35_rl_e","boundary","exchange",-1000,1000
"EX_MGlcn36_e","boundary","exchange",-1000,1000
"EX_MGlcn36_rl_e","boundary","exchange",-1000,1000
"EX_MGlcn39_e","boundary","exchange",-1000,1000
"EX_MGlcn39_rl_e","boundary","exchange",-1000,1000
"EX_MGlcn3_rl_e","boundary","exchange",-1000,1000
"EX_MGlcn4_e","boundary","exchange",-1000,1000
"EX_MGlcn42_e","boundary","exchange",-1000,1000
"EX_MGlcn42_rl_e","boundary","exchange",-1000,1000
"EX_MGlcn45_e","boundary","exchange",-1000,1000
"EX_MGlcn45_rl_e","boundary","exchange",-1000,1000
"EX_MGlcn46_e","boundary","exchange",-1000,1000
"EX_MGlcn46_rl_e","boundary","exchange",-1000,1000
"EX_MGlcn48_e","boundary","exchange",-1000,1000
"EX_MGlcn48_rl_e","boundary","exchange",-1000,1000
"EX_MGlcn4_rl_e","boundary","exchange",-1000,1000
"EX_MGlcn5_e","boundary","exchange",-1000,1000
"EX_MGlcn51_e","boundary","exchange",-1000,1000
"EX_MGlcn51_rl_e","boundary","exchange",-1000,1000
"EX_MGlcn53_e","boundary","exchange",-1000,1000
"EX_MGlcn53_rl_e","boundary","exchange",-1000,1000
"EX_MGlcn55_e","boundary","exchange",-1000,1000
"EX_MGlcn55_rl_e","boundary","exchange",-1000,1000
"EX_MGlcn56_e","boundary","exchange",-1000,1000
"EX_MGlcn56_rl_e","boundary","exchange",-1000,1000
"EX_MGlcn57_e","boundary","exchange",-1000,1000
"EX_MGlcn57_rl_e","boundary","exchange",-1000,1000
"EX_MGlcn58_e","boundary","exchange",-1000,1000
"EX_MGlcn58_rl_e","boundary","exchange",-1000,1000
"EX_MGlcn5_rl_e","boundary","exchange",-1000,1000
"EX_MGlcn6_e","boundary","exchange",-1000,1000
"EX_MGlcn61_e","boundary","exchange",-1000,1000
"EX_MGlcn61_rl_e","boundary","exchange",-1000,1000
"EX_MGlcn64_e","boundary","exchange",-1000,1000
"EX_MGlcn64_rl_e","boundary","exchange",-1000,1000
"EX_MGlcn65_e","boundary","exchange",-1000,1000
"EX_MGlcn65_rl_e","boundary","exchange",-1000,1000
"EX_MGlcn66_e","boundary","exchange",-1000,1000
"EX_MGlcn66_rl_e","boundary","exchange",-1000,1000
"EX_MGlcn68_e","boundary","exchange",-1000,1000
"EX_MGlcn68_rl_e","boundary","exchange",-1000,1000
"EX_MGlcn69_e","boundary","exchange",-1000,1000
"EX_MGlcn69_rl_e","boundary","exchange",-1000,1000
"EX_MGlcn6_rl_e","boundary","exchange",-1000,1000
"EX_MGlcn70_e","boundary","exchange",-1000,1000
"EX_MGlcn70_rl_e","boundary","exchange",-1000,1000
"EX_MGlcn71_e","boundary","exchange",-1000,1000
"EX_MGlcn71_rl_e","boundary","exchange",-1000,1000
"EX_MGlcn72_e","boundary","exchange",-1000,1000
"EX_MGlcn72_rl_e","boundary","exchange",-1000,1000
"EX_MGlcn74_e","boundary","exchange",-1000,1000
"EX_MGlcn74_rl_e","boundary","exchange",-1000,1000
"EX_MGlcn75_e","boundary","exchange",-1000,1000
"EX_MGlcn75_rl_e","boundary","exchange",-1000,1000
"EX_MGlcn77_e","boundary","exchange",-1000,1000
"EX_MGlcn77_rl_e","boundary","exchange",-1000,1000
"EX_MGlcn78_e","boundary","exchange",-1000,1000
"EX_MGlcn78_rl_e","boundary","exchange",-1000,1000
"EX_MGlcn79_e","boundary","exchange",-1000,1000
"EX_MGlcn79_rl_e","boundary","exchange",-1000,1000
"EX_MGlcn80_e","boundary","exchange",-1000,1000
"EX_MGlcn80_rl_e","boundary","exchange",-1000,1000
"EX_MGlcn81_e","boundary","exchange",-1000,1000
"EX_MGlcn81_rl_e","boundary","exchange",-1000,1000
"EX_MGlcn82_e","boundary","exchange",-1000,1000
"EX_MGlcn82_rl_e","boundary","exchange",-1000,1000
"EX_MGlcn83_e","boundary","exchange",-1000,1000
"EX_MGlcn83_rl_e","boundary","exchange",-1000,1000
"EX_MGlcn84_e","boundary","exchange",-1000,1000
"EX_MGlcn84_rl_e","boundary","exchange",-1000,1000
"EX_MGlcn85_e","boundary","exchange",-1000,1000
"EX_MGlcn85_rl_e","boundary","exchange",-1000,1000
"EX_MGlcn90_e","boundary","exchange",-1000,1000
"EX_MGlcn90_rl_e","boundary","exchange",-1000,1000
"EX_MGlcn91_e","boundary","exchange",-1000,1000
"EX_MGlcn91_rl_e","boundary","exchange",-1000,1000
"EX_MGlcn92_e","boundary","exchange",-1000,1000
"EX_MGlcn92_rl_e","boundary","exchange",-1000,1000
"EX_MGlcn93_e","boundary","exchange",-1000,1000
"EX_MGlcn93_rl_e","boundary","exchange",-1000,1000
"EX_MGlcn94_e","boundary","exchange",-1000,1000
"EX_MGlcn94_rl_e","boundary","exchange",-1000,1000
"EX_MGlcn95_e","boundary","exchange",-1000,1000
"EX_MGlcn95_rl_e","boundary","exchange",-1000,1000
"EX_MGlcn96_e","boundary","exchange",-1000,1000
"EX_MGlcn96_rl_e","boundary","exchange",-1000,1000
"EX_MGlcn97_e","boundary","exchange",-1000,1000
"EX_MGlcn97_rl_e","boundary","exchange",-1000,1000
"EX_MGlcn98_e","boundary","exchange",-1000,1000
"EX_MGlcn98_rl_e","boundary","exchange",-1000,1000
"EX_MGlcn99_e","boundary","exchange",-1000,1000
"EX_MGlcn99_rl_e","boundary","exchange",-1000,1000
"EX_T_antigen_e","boundary","exchange",-1000,1000
"EX_Tn_antigen_e","boundary","exchange",-1000,1000
"EX_ac_e","boundary","exchange",-1000,1000
"EX_acac_e","boundary","exchange",-1000,1000
"EX_acald_e","boundary","exchange",-1000,1000
"EX_acgal_e","boundary","exchange",-1000,1000
"EX_acgam_e","boundary","exchange",-1000,1000
"EX_acnam_e","boundary","exchange",-1000,1000
"EX_acnam2a6agal_e","boundary","exchange",-1000,1000
"EX_adn_e","boundary","exchange",-1000,1000
"EX_adocbl_e","boundary","exchange",-1000,1000
"EX_agam1b3agal_e","boundary","exchange",-1000,1000
"EX_agam1b6agal_e","boundary","exchange",-1000,1000
"EX_akg_e","boundary","exchange",-1000,1000
"EX_ala_D_e","boundary","exchange",-1000,1000
"EX_ala_L_e","boundary","exchange",-1000,1000
"EX_alaasp_e","boundary","exchange",-1000,1000
"EX_alagln_e","boundary","exchange",-1000,1000
"EX_alaglu_e","boundary","exchange",-1000,1000
"EX_alagly_e","boundary","exchange",-1000,1000
"EX_alahis_e","boundary","exchange",-1000,1000
"EX_alaleu_e","boundary","exchange",-1000,1000
"EX_alathr_e","boundary","exchange",-1000,1000
"EX_alltn_e","boundary","exchange",-1000,1000
"EX_arab_L_e","boundary","exchange",-1000,1000
"EX_arbt_e","boundary","exchange",-1000,1000
"EX_arg_L_e","boundary","exchange",-1000,1000
"EX_asn_L_e","boundary","exchange",-1000,1000
"EX_aso3_e","boundary","exchange",-1000,1000
"EX_aso4_e","boundary","exchange",-1000,1000
"EX_asp_L_e","boundary","exchange",-1000,1000
"EX_biomass_e","boundary","exchange",-1000,1000
"EX_btn_e","boundary","exchange",-1000,1000
"EX_but_e","boundary","exchange",-1000,1000
"EX_butso3_e","boundary","exchange",-1000,1000
"EX_ca2_e","boundary","exchange",-1000,1000
"EX_cbl1_e","boundary","exchange",-1000,1000
"EX_cbl2_e","boundary","exchange",-1000,1000
"EX_cd2_e","boundary","exchange",-1000,1000
"EX_cgly_e","boundary","exchange",-1000,1000
"EX_chol_e","boundary","exchange",-1000,1000
"EX_cholate_e","boundary","exchange",-1000,1000
"EX_cinnm_e","boundary","exchange",-1000,1000
"EX_cit_e","boundary","exchange",-1000,1000
"EX_cl_e","boundary","exchange",-1000,1000
"EX_co2_e","boundary","exchange",-1000,1000
"EX_cobalt2_e","boundary","exchange",-1000,1000
"EX_core2_e","boundary","exchange",-1000,1000
"EX_core2_rl_e","boundary","exchange",-1000,1000
"EX_core3_e","boundary","exchange",-1000,1000
"EX_core6_e","boundary","exchange",-1000,1000
"EX_core8_e","boundary","exchange",-1000,1000
"EX_crn_e","boundary","exchange",-1000,1000
"EX_csn_e","boundary","exchange",-1000,1000
"EX_ctbt_e","boundary","exchange",-1000,1000
"EX_cu2_e","boundary","exchange",-1000,1000
"EX_cynt_e","boundary","exchange",-1000,1000
"EX_cys_L_e","boundary","exchange",-1000,1000
"EX_cytd_e","boundary","exchange",-1000,1000
"EX_dad_2_e","boundary","exchange",-1000,1000
"EX_dcyt_e","boundary","exchange",-1000,1000
"EX_ddca_e","boundary","exchange",-1000,1000
"EX_dgsn_e","boundary","exchange",-1000,1000
"EX_dhcinnm_e","boundary","exchange",-1000,1000
"EX_dhpppn_e","boundary","exchange",-1000,1000
"EX_din_e","boundary","exchange",-1000,1000
"EX_dms_e","boundary","exchange",-1000,1000
"EX_dmso_e","boundary","exchange",-1000,1000
"EX_drib_e","boundary","exchange",-1000,1000
"EX_duri_e","boundary","exchange",-1000,1000
"EX_etha_e","boundary","exchange",-1000,1000
"EX_ethso3_e","boundary","exchange",-1000,1000
"EX_etoh_e","boundary","exchange",-1000,1000
"EX_f1a_e","boundary","exchange",-1000,1000
"EX_f1a_rl_e","boundary","exchange",-1000,1000
"EX_fe2_e","boundary","exchange",-1000,1000
"EX_fe3_e","boundary","exchange",-1000,1000
"EX_fecrm_e","boundary","exchange",-1000,1000
"EX_for_e","boundary","exchange",-1000,1000
"EX_fru_e","boundary","exchange",-1000,1000
"EX_fuc1p_L_e","boundary","exchange",-1000,1000
"EX_fuc_L_e","boundary","exchange",-1000,1000
"EX_fum_e","boundary","exchange",-1000,1000
"EX_g6p_e","boundary","exchange",-1000,1000
"EX_gal_e","boundary","exchange",-1000,1000
"EX_gal1a3acgal_e","boundary","exchange",-1000,1000
"EX_gal1b3acgal_e","boundary","exchange",-1000,1000
"EX_galct_D_e","boundary","exchange",-1000,1000
"EX_galctn_D_e","boundary","exchange",-1000,1000
"EX_galt_e","boundary","exchange",-1000,1000
"EX_galur_e","boundary","exchange",-1000,1000
"EX_gbbtn_e","boundary","exchange",-1000,1000
"EX_gcald_e","boundary","exchange",-1000,1000
"EX_glc_D_e","boundary","exchange",-1000,1000
"EX_glcn_e","boundary","exchange",-1000,1000
"EX_glcr_e","boundary","exchange",-1000,1000
"EX_glcur_e","boundary","exchange",-1000,1000
"EX_gln_L_e","boundary","exchange",-1000,1000
"EX_glu_L_e","boundary","exchange",-1000,1000
"EX_gly_e","boundary","exchange",-1000,1000
"EX_glyasn_e","boundary","exchange",-1000,1000
"EX_glyasp_e","boundary","exchange",-1000,1000
"EX_glyb_e","boundary","exchange",-1000,1000
"EX_glyc_e","boundary","exchange",-1000,1000
"EX_glyc3p_e","boundary","exchange",-1000,1000
"EX_glyclt_e","boundary","exchange",-1000,1000
"EX_glycys_e","boundary","exchange",-1000,1000
"EX_glygln_e","boundary","exchange",-1000,1000
"EX_glyglu_e","boundary","exchange",-1000,1000
"EX_glyleu_e","boundary","exchange",-1000,1000
"EX_glymet_e","boundary","exchange",-1000,1000
"EX_glyphe_e","boundary","exchange",-1000,1000
"EX_glypro_e","boundary","exchange",-1000,1000
"EX_glytyr_e","boundary","exchange",-1000,1000
"EX_gsn_e","boundary","exchange",-1000,1000
"EX_h_e","boundary","exchange",-1000,1000
"EX_h2_e","boundary","exchange",-1000,1000
"EX_h2o_e","boundary","exchange",-1000,1000
"EX_h2s_e","boundary","exchange",-1000,1000
"EX_hdca_e","boundary","exchange",-1000,1000
"EX_hexs_e","boundary","exchange",-1000,1000
"EX_hg2_e","boundary","exchange",-1000,1000
"EX_his_L_e","boundary","exchange",-1000,1000
"EX_hxan_e","boundary","exchange",-1000,1000
"EX_idon_L_e","boundary","exchange",-1000,1000
"EX_ile_L_e","boundary","exchange",-1000,1000
"EX_indole_e","boundary","exchange",-1000,1000
"EX_ins_e","boundary","exchange",-1000,1000
"EX_isetac_e","boundary","exchange",-1000,1000
"EX_k_e","boundary","exchange",-1000,1000
"EX_lac_D_e","boundary","exchange",-1000,1000
"EX_lac_L_e","boundary","exchange",-1000,1000
"EX_lcts_e","boundary","exchange",-1000,1000
"EX_leu_L_e","boundary","exchange",-1000,1000
"EX_lys_L_e","boundary","exchange",-1000,1000
"EX_mal_L_e","boundary","exchange",-1000,1000
"EX_malt_e","boundary","exchange",-1000,1000
"EX_malthx_e","boundary","exchange",-1000,1000
"EX_malttr_e","boundary","exchange",-1000,1000
"EX_man_e","boundary","exchange",-1000,1000
"EX_man6p_e","boundary","exchange",-1000,1000
"EX_mantr_e","boundary","exchange",-1000,1000
"EX_melib_e","boundary","exchange",-1000,1000
"EX_met_D_e","boundary","exchange",-1000,1000
"EX_met_L_e","boundary","exchange",-1000,1000
"EX_metala_e","boundary","exchange",-1000,1000
"EX_metsox_R_L_e","boundary","exchange",-1000,1000
"EX_metsox_S_L_e","boundary","exchange",-1000,1000
"EX_mg2_e","boundary","exchange",-1000,1000
"EX_mn2_e","boundary","exchange",-1000,1000
"EX_mnl_e","boundary","exchange",-1000,1000
"EX_mops_e","boundary","exchange",-1000,1000
"EX_mso3_e","boundary","exchange",-1000,1000
"EX_na1_e","boundary","exchange",-1000,1000
"EX_nac_e","boundary","exchange",-1000,1000
"EX_nh4_e","boundary","exchange",-1000,1000
"EX_nmn_e","boundary","exchange",-1000,1000
"EX_no2_e","boundary","exchange",-1000,1000
"EX_no3_e","boundary","exchange",-1000,1000
"EX_o2_e","boundary","exchange",-1000,1000
"EX_ocdca_e","boundary","exchange",-1000,1000
"EX_orn_e","boundary","exchange",-1000,1000
"EX_pac_e","boundary","exchange",-1000,1000
"EX_pb_e","boundary","exchange",-1000,1000
"EX_phe_L_e","boundary","exchange",-1000,1000
"EX_pi_e","boundary","exchange",-1000,1000
"EX_pnto_R_e","boundary","exchange",-1000,1000
"EX_ppa_e","boundary","exchange",-1000,1000
"EX_ppi_e","boundary","exchange",-1000,1000
"EX_pppn_e","boundary","exchange",-1000,1000
"EX_pro_L_e","boundary","exchange",-1000,1000
"EX_ptrc_e","boundary","exchange",-1000,1000
"EX_pydam_e","boundary","exchange",-1000,1000
"EX_pydx_e","boundary","exchange",-1000,1000
"EX_pydxn_e","boundary","exchange",-1000,1000
"EX_rib_D_e","boundary","exchange",-1000,1000
"EX_rmn_e","boundary","exchange",-1000,1000
"EX_sTn_antigen_e","boundary","exchange",-1000,1000
"EX_salcn_e","boundary","exchange",-1000,1000
"EX_sbt_D_e","boundary","exchange",-1000,1000
"EX_sel_e","boundary","exchange",-1000,1000
"EX_selni_e","boundary","exchange",-1000,1000
"EX_ser_D_e","boundary","exchange",-1000,1000
"EX_ser_L_e","boundary","exchange",-1000,1000
"EX_so4_e","boundary","exchange",-1000,1000
"EX_spmd_e","boundary","exchange",-1000,1000
"EX_succ_e","boundary","exchange",-1000,1000
"EX_sucr_e","boundary","exchange",-1000,1000
"EX_sulfac_e","boundary","exchange",-1000,1000
"EX_taur_e","boundary","exchange",-1000,1000
"EX_thm_e","boundary","exchange",-1000,1000
"EX_thr_L_e","boundary","exchange",-1000,1000
"EX_thymd_e","boundary","exchange",-1000,1000
"EX_tma_e","boundary","exchange",-1000,1000
"EX_tmao_e","boundary","exchange",-1000,1000
"EX_tre_e","boundary","exchange",-1000,1000
"EX_trp_L_e","boundary","exchange",-1000,1000
"EX_tsul_e","boundary","exchange",-1000,1000
"EX_ttdca_e","boundary","exchange",-1000,1000
"EX_tym_e","boundary","exchange",-1000,1000
"EX_tyr_L_e","boundary","exchange",-1000,1000
"EX_ura_e","boundary","exchange",-1000,1000
"EX_urea_e","boundary","exchange",-1000,1000
"EX_uri_e","boundary","exchange",-1000,1000
"EX_val_L_e","boundary","exchange",-1000,1000
"EX_xan_e","boundary","exchange",-1000,1000
"EX_xtsn_e","boundary","exchange",-1000,1000
"EX_xyl_D_e","boundary","exchange",-1000,1000
"EX_zn2_e","boundary","exchange",-1000,1000
"F1PPt","core","internal",-1000,1000
"FACOAL140","core","internal",-1000,1000
"FACOAL160","core","internal",-1000,1000
"FACOAL161","core","internal",-1000,1000
"FACOAL180","core","internal",-1000,1000
"FACOAL181","core","internal",-1000,1000
"FACOALAI15","core","internal",-1000,1000
"FACOALAI17","core","internal",-1000,1000
"FACOALI14","core","internal",-1000,1000
"FACOALI15","core","internal",-1000,1000
"FACOALI16","core","internal",-1000,1000
"FACOALI17","core","internal",-1000,1000
"FBA","core","internal",-1000,1000
"FBA2","core","internal",-1000,1000
"FBA3","core","internal",-1000,1000
"FBP","core","internal",0,1000
"FCI","core","internal",-1000,1000
"FCLK","core","internal",0,1000
"FCLPA","core","internal",-1000,1000
"FCLTc","core","internal",0,1000
"FDH","core","internal",0,1000
"FDH2","core","internal",0,1000
"FDMO","core","internal",0,1000
"FDMO2","core","internal",0,1000
"FDMO3","core","internal",0,1000
"FDMO4","core","internal",0,1000
"FDMO5","core","internal",0,1000
"FDMO6","core","internal",0,1000
"FE2abc","core","internal",0,1000
"FE3abc","core","internal",0,1000
"FE3t4","core","internal",0,1000
"FECRMabc","core","internal",0,1000
"FEDCabc","core","internal",0,1000
"FERO","core","internal",0,1000
"FHL","core","internal",0,1000
"FMNAT","core","internal",0,1000
"FMNRx","core","internal",0,1000
"FMNRx2","core","internal",0,1000
"FOLD3","core","internal",0,1000
"FORt2r","core","internal",-1000,1000
"FPGS","core","internal",0,1000
"FPGS7","core","internal",0,1000
"FPGS_tm","core","internal",0,1000
"FRD2","core","internal",0,1000
"FRD3","core","internal",0,1000
"FRD7","core","internal",0,1000
"FRDO","core","internal",0,1000
"FRTT","core","internal",0,1000
"FRUK","core","internal",0,1000
"FRUpts","core","internal",0,1000
"FTHFCL","core","internal",0,1000
"FTHFD","core","internal",0,1000
"FUCt2_1","core","internal",-1000,1000
"FUCtp","core","internal",0,1000
"FUM","core","internal",-1000,1000
"FUMt2r","core","internal",-1000,1000
"FXXRDO","core","internal",-1000,1000
"G1PACT","core","internal",0,1000
"G1PP","core","internal",-1000,1000
"G1PTT","core","internal",0,1000
"G1SAT","core","internal",-1000,1000
"G3PAT120","core","internal",0,1000
"G3PAT140","core","internal",0,1000
"G3PAT141","core","internal",0,1000
"G3PAT160","core","internal",0,1000
"G3PAT161","core","internal",0,1000
"G3PAT180","core","internal",0,1000
"G3PAT181","core","internal",0,1000
"G3PATAI15","core","internal",0,1000
"G3PATAI17","core","internal",0,1000
"G3PATI14","core","internal",0,1000
"G3PATI15","core","internal",0,1000
"G3PATI16","core","internal",0,1000
"G3PATI17","core","internal",0,1000
"G3PD1","core","internal",-1000,1000
"G3PD2","core","internal",-1000,1000
"G3PD5","core","internal",0,1000
"G3PD6","core","internal",0,1000
"G3PD7","core","internal",0,1000
"G3PD8i","core","internal",0,1000
"G5SADs","core","internal",0,1000
"G5SDr","core","internal",-1000,1000
"G6PBDH","core","internal",-1000,1000
"G6PDA","core","internal",0,1000
"G6PDH2","core","internal",0,1000
"G6PI","core","internal",-1000,1000
"G6PI3","core","internal",-1000,1000
"G6Pt6_2","core","internal",-1000,1000
"GACPCD","core","internal",0,1000
"GALACt","core","internal",-1000,1000
"GALAM6PDA","core","internal",0,1000
"GALASE_OGLYCAN1e","core","internal",0,1000
"GALASE_OGLYCAN2e","core","internal",0,1000
"GALASE_OGLYCAN3e","core","internal",0,1000
"GALCTD","core","internal",0,1000
"GALCTND","core","internal",0,1000
"GALCTNt2r","core","internal",-1000,1000
"GALK","core","internal",0,1000
"GALM1r","core","internal",-1000,1000
"GALS3","core","internal",0,1000
"GALT","core","internal",-1000,1000
"GALT1","core","internal",0,1000
"GALTpts","core","internal",0,1000
"GALU","core","internal",-1000,1000
"GALURt2r","core","internal",-1000,1000
"GALabc","core","internal",0,1000
"GALt2_2","core","internal",-1000,1000
"GAPD","core","internal",-1000,1000
"GARFTi","core","internal",0,1000
"GART","core","internal",0,1000
"GBBTNt","core","internal",0,1000
"GCALDDr","core","internal",-1000,1000
"GCALDt","core","internal",-1000,1000
"GCCa","core","internal",0,1000
"GCCb","core","internal",0,1000
"GCCc","core","internal",0,1000
"GF6PTA","core","internal",0,1000
"GFUCS","core","internal",0,1000
"GGGABADr","core","internal",-1000,1000
"GGGABARr","core","internal",-1000,1000
"GGTA","core","internal",0,1000
"GGTT","core","internal",0,1000
"GHMT2r","core","internal",-1000,1000
"GK1","core","internal",-1000,1000
"GK2","core","internal",-1000,1000
"GLCDe","core","internal",0,1000
"GLCNOXy","core","internal",-1000,1000
"GLCNt2r","core","internal",-1000,1000
"GLCOAS","core","internal",0,1000
"GLCP3","core","internal",-1000,1000
"GLCRAL","core","internal",0,1000
"GLCRD","core","internal",0,1000
"GLCRHL","core","internal",0,1000
"GLCRt2","core","internal",-1000,1000
"GLCS3","core","internal",-1000,1000
"GLCTR1","core","internal",0,1000
"GLCTR2","core","internal",0,1000
"GLCURt2r","core","internal",-1000,1000
"GLCabc","core","internal",0,1000
"GLCpts","core","internal",0,1000
"GLGC","core","internal",0,1000
"GLNS","core","internal",0,1000
"GLNSP1","core","internal",0,1000
"GLNSP2","core","internal",0,1000
"GLNSP3","core","internal",0,1000
"GLNabc","core","internal",0,1000
"GLTPD","core","internal",-1000,1000
"GLU5K","core","internal",0,1000
"GLUABUTt7","core","internal",-1000,1000
"GLUCYS","core","internal",0,1000
"GLUDC","core","internal",0,1000
"GLUDy","core","internal",-1000,1000
"GLUN","core","internal",0,1000
"GLUOX","core","internal",-1000,1000
"GLUPRT","core","internal",0,1000
"GLUR","core","internal",-1000,1000
"GLUSy","core","internal",0,1000
"GLUTCOADH2","core","internal",0,1000
"GLUTRR","core","internal",0,1000
"GLUTRS","core","internal",0,1000
"GLUabc","core","internal",0,1000
"GLUt2r","core","internal",-1000,1000
"GLXCL","core","internal",0,1000
"GLXS","core","internal",-1000,1000
"GLYASN1c","core","internal",-1000,1000
"GLYASNabc","core","internal",0,1000
"GLYASP1c","core","internal",-1000,1000
"GLYASPabc","core","internal",0,1000
"GLYAT","core","internal",-1000,1000
"GLYBabc","core","internal",0,1000
"GLYBt2r","core","internal",-1000,1000
"GLYC3Pabc","core","internal",0,1000
"GLYC3Pt","core","internal",-1000,1000
"GLYCDx","core","internal",0,1000
"GLYCLTt2r","core","internal",-1000,1000
"GLYCTO1","core","internal",0,1000
"GLYCTO2","core","internal",0,1000
"GLYCTO3","core","internal",0,1000
"GLYCTO4","core","internal",0,1000
"GLYCYSabc","core","internal",0,1000
"GLYCt","core","internal",-1000,1000
"GLYGLN1c","core","internal",-1000,1000
"GLYGLNabc","core","internal",0,1000
"GLYGLU1c","core","internal",-1000,1000
"GLYGLUabc","core","internal",0,1000
"GLYK","core","internal",0,1000
"GLYLEUHYDROc","core","internal",-1000,1000
"GLYLEUPEPT1tc","core","internal",0,1000
"GLYMET1c","core","internal",-1000,1000
"GLYMETabc","core","internal",0,1000
"GLYOX","core","internal",0,1000
"GLYPHEHYc","core","internal",-1000,1000
"GLYPHEabc","core","internal",0,1000
"GLYPROPRO1c","core","internal",-1000,1000
"GLYPROabc","core","internal",0,1000
"GLYTYR1c","core","internal",-1000,1000
"GLYTYRabc","core","internal",0,1000
"GLYt2r","core","internal",-1000,1000
"GMAND","core","internal",0,1000
"GMHEPAT","core","internal",0,1000
"GMHEPK","core","internal",0,1000
"GMHEPPA","core","internal",0,1000
"GMPR","core","internal",0,1000
"GMPS2","core","internal",0,1000
"GND","core","internal",0,1000
"GNK","core","internal",0,1000
"GNNUC","core","internal",0,1000
"GNOXmq","core","internal",-1000,1000
"GNOXuq","core","internal",-1000,1000
"GPDDA1","core","internal",0,1000
"GPDDA2","core","internal",0,1000
"GPDDA4","core","internal",0,1000
"GRTT","core","internal",0,1000
"GSNK","core","internal",0,1000
"GSNt2r","core","internal",-1000,1000
"GSPMDA","core","internal",0,1000
"GSPMDS","core","internal",0,1000
"GTHP","core","internal",0,1000
"GTHRD","core","internal",-1000,1000
"GTHS","core","internal",0,1000
"GTPCI","core","internal",0,1000
"GTPCII","core","internal",0,1000
"GTPDPDP","core","internal",0,1000
"GTPDPK","core","internal",0,1000
"GUAD","core","internal",0,1000
"GUAPRT","core","internal",0,1000
"GUI1","core","internal",-1000,1000
"GUI2","core","internal",-1000,1000
"H2CO3D","core","internal",-1000,1000
"H2Ot","core","internal",-1000,1000
"H2St","core","internal",-1000,1000
"H2td","core","internal",-1000,1000
"HACD1","core","internal",-1000,1000
"HACD2","core","internal",-1000,1000
"HACD3","core","internal",-1000,1000
"HACD4","core","internal",-1000,1000
"HACD5","core","internal",-1000,1000
"HACD6","core","internal",-1000,1000
"HACD7","core","internal",-1000,1000
"HACD9","core","internal",-1000,1000
"HADPCOADH3","core","internal",0,1000
"HBCD","core","internal",0,1000
"HBZOPT","core","internal",0,1000
"HCYSMT","core","internal",0,1000
"HDCAt2","core","internal",0,1000
"HDCAtr","core","internal",-1000,1000
"HDG3PACT","core","internal",-1000,1000
"HEMEOS","core","internal",0,1000
"HEPK1","core","internal",0,1000
"HEPK2","core","internal",0,1000
"HEPT1","core","internal",0,1000
"HEPT2","core","internal",0,1000
"HEPT3","core","internal",0,1000
"HEPT4","core","internal",0,1000
"HETT","core","internal",0,1000
"HETZK","core","internal",0,1000
"HEX1","core","internal",0,1000
"HEX4","core","internal",0,1000
"HEX7","core","internal",0,1000
"HEXSabc","core","internal",0,1000
"HEXTT","core","internal",0,1000
"HEXb","core","internal",0,1000
"HG2abc","core","internal",0,1000
"HIBD","core","internal",0,1000
"HISTD","core","internal",0,1000
"HISTDOX","core","internal",-1000,1000
"HISTLOX","core","internal",0,1000
"HISTP","core","internal",0,1000
"HISabc","core","internal",0,1000
"HKNDDH","core","internal",0,1000
"HKNTDH","core","internal",0,1000
"HKt","core","internal",0,1000
"HMBS","core","internal",0,1000
"HMPK1","core","internal",0,1000
"HOPNTAL","core","internal",0,1000
"HPPK","core","internal",0,1000
"HPPK2","core","internal",0,1000
"HPPPNte","core","internal",-1000,1000
"HPYRI","core","internal",-1000,1000
"HSDx","core","internal",-1000,1000
"HSDy","core","internal",-1000,1000
"HSK","core","internal",0,1000
"HSST","core","internal",0,1000
"HSTPTr","core","internal",-1000,1000
"HXAND","core","internal",0,1000
"HXPRT","core","internal",0,1000
"HYD1","core","internal",0,1000
"HYD2","core","internal",0,1000
"HYD3","core","internal",0,1000
"HYXNti","core","internal",0,1000
"IAHDGK","core","internal",0,1000
"IAPDGK","core","internal",0,1000
"IBCOATA","core","internal",-1000,1000
"ICDHy","core","internal",0,1000
"ICHORS","core","internal",-1000,1000
"ICHORT","core","internal",0,1000
"ICL","core","internal",0,1000
"IDOND","core","internal",-1000,1000
"IDOND2","core","internal",0,1000
"IDONt2r","core","internal",-1000,1000
"IG3PS","core","internal",0,1000
"IGPDH","core","internal",0,1000
"IGPS","core","internal",0,1000
"IHDCOATA","core","internal",-1000,1000
"IHDGK","core","internal",0,1000
"IHPDCOATA","core","internal",-1000,1000
"IHXDGK","core","internal",0,1000
"ILETA","core","internal",-1000,1000
"ILEabc","core","internal",0,1000
"ILEt2r","core","internal",-1000,1000
"IMPC","core","internal",-1000,1000
"IMPD","core","internal",0,1000
"INDOLEt2r","core","internal",-1000,1000
"INSH","core","internal",0,1000
"INSK","core","internal",0,1000
"INSt2","core","internal",-1000,1000
"IPDCOATA","core","internal",-1000,1000
"IPDDI","core","internal",-1000,1000
"IPDGK","core","internal",0,1000
"IPDPS","core","internal",0,1000
"IPDPS2","core","internal",0,1000
"IPMDr","core","internal",-1000,1000
"IPPMIa","core","internal",-1000,1000
"IPPMIb","core","internal",-1000,1000
"ISETACabc","core","internal",0,1000
"ITDCOATA","core","internal",-1000,1000
"ITDGK","core","internal",0,1000
"IVCOATA","core","internal",-1000,1000
"KACOAT2","core","internal",0,1000
"KARA1","core","internal",-1000,1000
"KARA2","core","internal",-1000,1000
"KARA3","core","internal",-1000,1000
"KAS14","core","internal",0,1000
"KAS_HP","core","internal",0,1000
"KDOCT2","core","internal",0,1000
"KDOPP","core","internal",0,1000
"KDOPSr","core","internal",-1000,1000
"KG6PDC","core","internal",0,1000
"Kt1r","core","internal",-1000,1000
"Kt3","core","internal",0,1000
"L2A6ODs","core","internal",0,1000
"LACZ","core","internal",0,1000
"LARGNAT","core","internal",-1000,1000
"LCADi","core","internal",0,1000
"LCARS","core","internal",-1000,1000
"LCTSabc","core","internal",0,1000
"LCTSt","core","internal",-1000,1000
"LCYSTabc","core","internal",0,1000
"LDH_D","core","internal",-1000,1000
"LDH_D2","core","internal",0,1000
"LDH_L","core","internal",-1000,1000
"LEUTA","core","internal",-1000,1000
"LEUabc","core","internal",0,1000
"LEUt2r","core","internal",-1000,1000
"LGTHL","core","internal",0,1000
"LPADSS","core","internal",0,1000
"LPAMS","core","internal",0,1000
"LPLIPAL1A120","core","internal",0,1000
"LPLIPAL1A140","core","internal",0,1000
"LPLIPAL1A141","core","internal",0,1000
"LPLIPAL1A160","core","internal",0,1000
"LPLIPAL1A161","core","internal",0,1000
"LPLIPAL1A180","core","internal",0,1000
"LPLIPAL1A181","core","internal",0,1000
"LPLIPAL1E120","core","internal",0,1000
"LPLIPAL1E140","core","internal",0,1000
"LPLIPAL1E141","core","internal",0,1000
"LPLIPAL1E160","core","internal",0,1000
"LPLIPAL1E161","core","internal",0,1000
"LPLIPAL1E180","core","internal",0,1000
"LPLIPAL1E181","core","internal",0,1000
"LPLIPAL1G120","core","internal",0,1000
"LPLIPAL1G140","core","internal",0,1000
"LPLIPAL1G141","core","internal",0,1000
"LPLIPAL1G160","core","internal",0,1000
"LPLIPAL1G161","core","internal",0,1000
"LPLIPAL1G180","core","internal",0,1000
"LPLIPAL1G181","core","internal",0,1000
"LPLIPAL2A120","core","internal",0,1000
"LPLIPAL2A140","core","internal",0,1000
"LPLIPAL2A141","core","internal",0,1000
"LPLIPAL2A160","core","internal",0,1000
"LPLIPAL2A161","core","internal",0,1000
"LPLIPAL2A180","core","internal",0,1000
"LPLIPAL2A181","core","internal",0,1000
"LPLIPAL2E120","core","internal",0,1000
"LPLIPAL2E140","core","internal",0,1000
"LPLIPAL2E141","core","internal",0,1000
"LPLIPAL2E160","core","internal",0,1000
"LPLIPAL2E161","core","internal",0,1000
"LPLIPAL2E180","core","internal",0,1000
"LPLIPAL2E181","core","internal",0,1000
"LPLIPAL2G120","core","internal",0,1000
"LPLIPAL2G140","core","internal",0,1000
"LPLIPAL2G141","core","internal",0,1000
"LPLIPAL2G160","core","internal",0,1000
"LPLIPAL2G161","core","internal",0,1000
"LPLIPAL2G180","core","internal",0,1000
"LPLIPAL2G181","core","internal",0,1000
"LYSDC","core","internal",0,1000
"LYSabc","core","internal",0,1000
"LYSt2r","core","internal",-1000,1000
"LYSt3","core","internal",0,1000
"L_AROND","core","internal",-1000,1000
"L_LACD","core","internal",0,1000
"L_LACD2","core","internal",0,1000
"L_LACD3","core","internal",0,1000
"L_LACt2r","core","internal",-1000,1000
"M1PD","core","internal",-1000,1000
"MACCOAT","core","internal",0,1000
"MALCOACD","core","internal",0,1000
"MALCOAMT","core","internal",0,1000
"MALDDH","core","internal",0,1000
"MALFADOi","core","internal",0,1000
"MALNAt","core","internal",-1000,1000
"MALT","core","internal",0,1000
"MALT6PH","core","internal",0,1000
"MALTATr","core","internal",-1000,1000
"MALTHXabc","core","internal",0,1000
"MALTTRabc","core","internal",0,1000
"MALTabc","core","internal",0,1000
"MALTpts","core","internal",0,1000
"MALt2","core","internal",0,1000
"MAN1PT2","core","internal",0,1000
"MAN6PI","core","internal",-1000,1000
"MAN6Pt6_2","core","internal",0,1000
"MANA4","core","internal",-1000,1000
"MANAO","core","internal",-1000,1000
"MANTRabc","core","internal",0,1000
"MANabc","core","internal",0,1000
"MANpts","core","internal",0,1000
"MCITD","core","internal",0,1000
"MCITL2","core","internal",-1000,1000
"MCITS","core","internal",0,1000
"MCOATA","core","internal",-1000,1000
"MCSNAH1r","core","internal",0,1000
"MDH","core","internal",-1000,1000
"MDH2","core","internal",0,1000
"MDH3","core","internal",0,1000
"ME1","core","internal",0,1000
"ME2","core","internal",0,1000
"MECDPDH2","core","internal",0,1000
"MECDPS","core","internal",0,1000
"MELIBabc","core","internal",0,1000
"MELIBt2r","core","internal",-1000,1000
"MELTOX","core","internal",0,1000
"MEPCT","core","internal",0,1000
"METALA1c","core","internal",-1000,1000
"METALAabc","core","internal",0,1000
"METAT","core","internal",0,1000
"METB1","core","internal",0,1000
"METDabc","core","internal",0,1000
"METFR","core","internal",-1000,1000
"METS","core","internal",0,1000
"METSOX1abc","core","internal",0,1000
"METSOX2abc","core","internal",0,1000
"METSOXR1r","core","internal",-1000,1000
"METabc","core","internal",0,1000
"MG2abc","core","internal",0,1000
"MGSA","core","internal",0,1000
"MGt5","core","internal",-1000,1000
"MI1PP","core","internal",0,1000
"MI3PP","core","internal",0,1000
"MI4PP","core","internal",0,1000
"MICITD","core","internal",0,1000
"MLTP1","core","internal",-1000,1000
"MLTP2","core","internal",-1000,1000
"MLTP3","core","internal",-1000,1000
"MLTP4","core","internal",-1000,1000
"MMCD","core","internal",0,1000
"MMM2r","core","internal",-1000,1000
"MNLpts","core","internal",0,1000
"MNNH","core","internal",0,1000
"MNt2","core","internal",0,1000
"MOAT","core","internal",0,1000
"MOAT3C","core","internal",0,1000
"MOHMT","core","internal",0,1000
"MOPSabc","core","internal",0,1000
"MSO3abc","core","internal",0,1000
"MTAN","core","internal",0,1000
"MTHFC","core","internal",-1000,1000
"MTHFD","core","internal",-1000,1000
"MTHPTGHM","core","internal",0,1000
"NACt2r","core","internal",-1000,1000
"NADH10","core","internal",0,1000
"NADH5","core","internal",0,1000
"NADH6","core","internal",0,1000
"NADH9","core","internal",0,1000
"NADK","core","internal",0,1000
"NADK2","core","internal",0,1000
"NADS1","core","internal",0,1000
"NADS2","core","internal",0,1000
"NAPRT","core","internal",0,1000
"NAt3","core","internal",0,1000
"NDPK1","core","internal",-1000,1000
"NDPK2","core","internal",-1000,1000
"NDPK3","core","internal",-1000,1000
"NDPK4","core","internal",-1000,1000
"NDPK5","core","internal",-1000,1000
"NDPK6","core","internal",-1000,1000
"NDPK7","core","internal",-1000,1000
"NDPK8","core","internal",-1000,1000
"NDPK9","core","internal",-1000,1000
"NH4tb","core","internal",-1000,1000
"NMNAT","core","internal",0,1000
"NMNP","core","internal",0,1000
"NMNPH","core","internal",0,1000
"NNAM","core","internal",0,1000
"NNATr","core","internal",0,1000
"NNDMBRT","core","internal",0,1000
"NNDPR","core","internal",0,1000
"NO2rPmq","core","internal",0,1000
"NO2rPuq","core","internal",0,1000
"NO2t2","core","internal",0,1000
"NO3R1","core","internal",0,1000
"NO3R2","core","internal",0,1000
"NO3rPmq","core","internal",0,1000
"NO3rPuq","core","internal",0,1000
"NO3t2","core","internal",0,1000
"NO3t7","core","internal",0,1000
"NODOx","core","internal",0,1000
"NODOy","core","internal",0,1000
"NOPHMO","core","internal",0,1000
"NP1_r","core","internal",-1000,1000
"NPHS","core","internal",0,1000
"NT5C","core","internal",0,1000
"NTD1","core","internal",0,1000
"NTD10","core","internal",0,1000
"NTD11","core","internal",0,1000
"NTD2","core","internal",0,1000
"NTD3","core","internal",0,1000
"NTD4","core","internal",0,1000
"NTD5","core","internal",0,1000
"NTD5_a","core","internal",0,1000
"NTD6","core","internal",0,1000
"NTD7","core","internal",0,1000
"NTD8","core","internal",0,1000
"NTD9","core","internal",0,1000
"NTRIR2x","core","internal",0,1000
"NTRIR2y","core","internal",0,1000
"NTRIR5","core","internal",-1000,1000
"O2t","core","internal",-1000,1000
"OAASr","core","internal",-1000,1000
"OBTFL","core","internal",0,1000
"OCBT","core","internal",-1000,1000
"OCDCAt2","core","internal",0,1000
"OCDCAtr","core","internal",-1000,1000
"OHPBAT","core","internal",-1000,1000
"OMCDC","core","internal",0,1000
"OMPDC","core","internal",0,1000
"OP4ENH","core","internal",0,1000
"OPHBDC","core","internal",0,1000
"ORNDC","core","internal",0,1000
"ORNTAC","core","internal",-1000,1000
"ORNabc","core","internal",0,1000
"OROTPT","core","internal",0,1000
"OXPTNDH","core","internal",-1000,1000
"P5CD","core","internal",0,1000
"P5CRyr","core","internal",-1000,1000
"PAAMOR","core","internal",0,1000
"PACCOAL","core","internal",0,1000
"PACt2r","core","internal",-1000,1000
"PANTS","core","internal",0,1000
"PAPPT2","core","internal",0,1000
"PAPPT3","core","internal",0,1000
"PBt","core","internal",0,1000
"PDHa","core","internal",0,1000
"PDHbr","core","internal",-1000,1000
"PDHc","core","internal",0,1000
"PDX5PO","core","internal",0,1000
"PDX5PO2","core","internal",0,1000
"PDX5PS","core","internal",0,1000
"PDX5PSYN","core","internal",0,1000
"PEPGLY","core","internal",0,1000
"PERD","core","internal",-1000,1000
"PFK","core","internal",0,1000
"PFK_2","core","internal",0,1000
"PFK_3","core","internal",0,1000
"PFL","core","internal",0,1000
"PGAMT","core","internal",-1000,1000
"PGCDr","core","internal",-1000,1000
"PGI","core","internal",-1000,1000
"PGK","core","internal",-1000,1000
"PGL","core","internal",0,1000
"PGLYCP","core","internal",0,1000
"PGM","core","internal",-1000,1000
"PGMT","core","internal",-1000,1000
"PGMT2","core","internal",-1000,1000
"PGPP120","core","internal",0,1000
"PGPP140","core","internal",0,1000
"PGPP141","core","internal",0,1000
"PGPP160","core","internal",0,1000
"PGPP161","core","internal",0,1000
"PGPP180","core","internal",0,1000
"PGPP181","core","internal",0,1000
"PGPPAI15","core","internal",0,1000
"PGPPAI17","core","internal",0,1000
"PGPPI14","core","internal",0,1000
"PGPPI15","core","internal",0,1000
"PGPPI16","core","internal",0,1000
"PGPPI17","core","internal",0,1000
"PGSA120","core","internal",0,1000
"PGSA140","core","internal",0,1000
"PGSA141","core","internal",0,1000
"PGSA160","core","internal",0,1000
"PGSA161","core","internal",0,1000
"PGSA180","core","internal",0,1000
"PGSA181","core","internal",0,1000
"PGSAAI15","core","internal",0,1000
"PGSAAI17","core","internal",0,1000
"PGSAI14","core","internal",0,1000
"PGSAI15","core","internal",0,1000
"PGSAI16","core","internal",0,1000
"PGSAI17","core","internal",0,1000
"PHACOAO","core","internal",0,1000
"PHETA1","core","internal",-1000,1000
"PHEt2r","core","internal",-1000,1000
"PHTHRDH","core","internal",-1000,1000
"PHYQS","core","internal",-1000,1000
"PIabc","core","internal",0,1000
"PIt6b","core","internal",-1000,1000
"PIt7ir","core","internal",0,1000
"PLIPA1A120","core","internal",0,1000
"PLIPA1A140","core","internal",0,1000
"PLIPA1A141","core","internal",0,1000
"PLIPA1A160","core","internal",0,1000
"PLIPA1A161","core","internal",0,1000
"PLIPA1A180","core","internal",0,1000
"PLIPA1A181","core","internal",0,1000
"PLIPA1E120","core","internal",0,1000
"PLIPA1E140","core","internal",0,1000
"PLIPA1E141","core","internal",0,1000
"PLIPA1E160","core","internal",0,1000
"PLIPA1E161","core","internal",0,1000
"PLIPA1E180rev","core","internal",0,1000
"PLIPA1E181","core","internal",0,1000
"PLIPA1G120","core","internal",0,1000
"PLIPA1G140","core","internal",0,1000
"PLIPA1G141","core","internal",0,1000
"PLIPA1G160","core","internal",0,1000
"PLIPA1G161","core","internal",0,1000
"PLIPA1G180","core","internal",0,1000
"PLIPA1G181","core","internal",0,1000
"PLIPA2A120","core","internal",0,1000
"PLIPA2A140","core","internal",0,1000
"PLIPA2A141","core","internal",0,1000
"PLIPA2A160","core","internal",0,1000
"PLIPA2A161","core","internal",0,1000
"PLIPA2A180","core","internal",0,1000
"PLIPA2A181","core","internal",0,1000
"PLIPA2E120","core","internal",0,1000
"PLIPA2E140","core","internal",0,1000
"PLIPA2E141","core","internal",0,1000
"PLIPA2E160","core","internal",0,1000
"PLIPA2E161","core","internal",0,1000
"PLIPA2E180","core","internal",0,1000
"PLIPA2E181","core","internal",0,1000
"PLIPA2G120","core","internal",0,1000
"PLIPA2G140","core","internal",0,1000
"PLIPA2G141","core","internal",0,1000
"PLIPA2G160","core","internal",0,1000
"PLIPA2G161","core","internal",0,1000
"PLIPA2G180","core","internal",0,1000
"PLIPA2G181","core","internal",0,1000
"PMACPME","core","internal",0,1000
"PMANM","core","internal",-1000,1000
"PMDPHT","core","internal",0,1000
"PMPK","core","internal",0,1000
"PMTCOATA","core","internal",-1000,1000
"PNP","core","internal",-1000,1000
"PNTK","core","internal",0,1000
"PNTOt4","core","internal",0,1000
"POR4","core","internal",-1000,1000
"POX","core","internal",0,1000
"PPA","core","internal",0,1000
"PPAKr","core","internal",-1000,1000
"PPAt2","core","internal",0,1000
"PPAt2i","core","internal",0,1000
"PPAt2r","core","internal",-1000,1000
"PPBNGS","core","internal",0,1000
"PPCDC","core","internal",0,1000
"PPCK","core","internal",0,1000
"PPCr","core","internal",-1000,1000
"PPGPPDP","core","internal",0,1000
"PPIt2e","core","internal",0,1000
"PPM","core","internal",-1000,1000
"PPNCL3","core","internal",0,1000
"PPND","core","internal",0,1000
"PPND2","core","internal",0,1000
"PPNDH","core","internal",0,1000
"PPPGO3","core","internal",0,1000
"PPPNDO","core","internal",0,1000
"PPPNt2r","core","internal",-1000,1000
"PPRDNDH","core","internal",0,1000
"PPS","core","internal",0,1000
"PPTT","core","internal",0,1000
"PRAGS","core","internal",0,1000
"PRAI","core","internal",-1000,1000
"PRAIS","core","internal",0,1000
"PRAMPC","core","internal",0,1000
"PRASCSi","core","internal",0,1000
"PRATPP","core","internal",0,1000
"PRFGS","core","internal",0,1000
"PRMICI","core","internal",-1000,1000
"PRO1x","core","internal",0,1000
"PROD2","core","internal",0,1000
"PROD3","core","internal",-1000,1000
"PRODTHLOX","core","internal",-1000,1000
"PROabc","core","internal",0,1000
"PROt2r","core","internal",-1000,1000
"PROt4","core","internal",0,1000
"PROte","core","internal",0,1000
"PRPPS","core","internal",-1000,1000
"PSCVT","core","internal",-1000,1000
"PSD120","core","internal",0,1000
"PSD140","core","internal",0,1000
"PSD141","core","internal",0,1000
"PSD160","core","internal",0,1000
"PSD161","core","internal",0,1000
"PSD180","core","internal",0,1000
"PSD181","core","internal",0,1000
"PSDAI15","core","internal",0,1000
"PSDAI17","core","internal",0,1000
"PSDI14","core","internal",0,1000
"PSDI15","core","internal",0,1000
"PSDI16","core","internal",0,1000
"PSDI17","core","internal",0,1000
"PSERT","core","internal",0,1000
"PSP_L","core","internal",0,1000
"PSSA120","core","internal",0,1000
"PSSA140","core","internal",0,1000
"PSSA141","core","internal",0,1000
"PSSA160","core","internal",0,1000
"PSSA161","core","internal",0,1000
"PSSA180","core","internal",0,1000
"PSSA181","core","internal",0,1000
"PSSAAI15","core","internal",0,1000
"PSSAAI17","core","internal",0,1000
"PSSAI14","core","internal",0,1000
"PSSAI15","core","internal",0,1000
"PSSAI16","core","internal",0,1000
"PSSAI17","core","internal",0,1000
"PTA2","core","internal",0,1000
"PTAr","core","internal",-1000,1000
"PTPAT","core","internal",0,1000
"PTRCORNt7","core","internal",-1000,1000
"PTRCTA","core","internal",0,1000
"PTRCabc","core","internal",0,1000
"PTRCt2","core","internal",0,1000
"PTRCtex2","core","internal",0,1000
"PUNP1","core","internal",-1000,1000
"PUNP2","core","internal",-1000,1000
"PUNP3","core","internal",-1000,1000
"PUNP4","core","internal",-1000,1000
"PUNP5","core","internal",-1000,1000
"PUNP6","core","internal",-1000,1000
"PUNP7","core","internal",-1000,1000
"PUTA3","core","internal",0,1000
"PYAM5POr","core","internal",0,1000
"PYDAMK","core","internal",0,1000
"PYDAMtr","core","internal",-1000,1000
"PYDXK","core","internal",0,1000
"PYDXNK","core","internal",0,1000
"PYDXNtr","core","internal",-1000,1000
"PYDXtr","core","internal",-1000,1000
"PYK","core","internal",0,1000
"PYNP2r","core","internal",-1000,1000
"QULNS","core","internal",0,1000
"RAFGH","core","internal",0,1000
"RB5PE","core","internal",-1000,1000
"RBFK","core","internal",0,1000
"RBFSa","core","internal",0,1000
"RBFSb","core","internal",0,1000
"RBK","core","internal",0,1000
"RBK_D","core","internal",0,1000
"RBK_L1","core","internal",0,1000
"RBP4E","core","internal",-1000,1000
"RE1944C","core","internal",-1000,1000
"RE3009C","core","internal",0,1000
"RE3351C","core","internal",-1000,1000
"RE3352C","core","internal",-1000,1000
"RHCCE","core","internal",0,1000
"RIBABCte","core","internal",0,1000
"RIBabc","core","internal",0,1000
"RMI","core","internal",-1000,1000
"RMK","core","internal",0,1000
"RMK2","core","internal",-1000,1000
"RMNt2","core","internal",-1000,1000
"RMPA","core","internal",-1000,1000
"RNDR1","core","internal",0,1000
"RNDR2","core","internal",0,1000
"RNDR3","core","internal",0,1000
"RNDR4","core","internal",0,1000
"RNTR1","core","internal",0,1000
"RNTR2","core","internal",0,1000
"RNTR3","core","internal",0,1000
"RNTR4","core","internal",0,1000
"RPE","core","internal",-1000,1000
"RPI","core","internal",-1000,1000
"RZ5PP","core","internal",0,1000
"S7PIr","core","internal",-1000,1000
"SADH","core","internal",0,1000
"SADT","core","internal",0,1000
"SADT2","core","internal",0,1000
"SALCpts","core","internal",0,1000
"SBTD_D2","core","internal",0,1000
"SBTPD","core","internal",-1000,1000
"SBTpts","core","internal",0,1000
"SDPDS","core","internal",0,1000
"SDPTA","core","internal",-1000,1000
"SELNPS","core","internal",0,1000
"SELRdmq","core","internal",0,1000
"SELRmq","core","internal",0,1000
"SEPHCHS","core","internal",0,1000
"SERATi","core","internal",0,1000
"SERD_D","core","internal",0,1000
"SERt2r","core","internal",-1000,1000
"SGAT","core","internal",0,1000
"SGDS","core","internal",0,1000
"SGSAD","core","internal",0,1000
"SHCHD2","core","internal",0,1000
"SHCHF","core","internal",0,1000
"SHK3Dr","core","internal",-1000,1000
"SHKK","core","internal",0,1000
"SHSL1r","core","internal",-1000,1000
"SHSL2","core","internal",0,1000
"SHSL4r","core","internal",-1000,1000
"SNCOAT","core","internal",-1000,1000
"SO4t2","core","internal",-1000,1000
"SOTA","core","internal",0,1000
"SPMDAT1","core","internal",0,1000
"SPMDAT2","core","internal",0,1000
"SPMDabc","core","internal",0,1000
"SPMS","core","internal",0,1000
"SPODM","core","internal",0,1000
"SSALxr","core","internal",-1000,1000
"SSALyr","core","internal",-1000,1000
"STCOATA","core","internal",-1000,1000
"STYSGH","core","internal",-1000,1000
"SUCBZL","core","internal",0,1000
"SUCBZS","core","internal",0,1000
"SUCCt2_3","core","internal",0,1000
"SUCCt2r","core","internal",-1000,1000
"SUCD1","core","internal",-1000,1000
"SUCD4","core","internal",-1000,1000
"SUCDi","core","internal",0,1000
"SUCDimq","core","internal",0,1000
"SUCOAS","core","internal",-1000,1000
"SUCpts","core","internal",0,1000
"SULFACabc","core","internal",0,1000
"SULR","core","internal",-1000,1000
"TAGURr","core","internal",-1000,1000
"TALA","core","internal",-1000,1000
"TARCGLYLi","core","internal",0,1000
"TARTD","core","internal",0,1000
"TARTRDH","core","internal",-1000,1000
"TARTRDH2","core","internal",-1000,1000
"TAUDO","core","internal",0,1000
"TAURabc","core","internal",0,1000
"TDCOATA","core","internal",-1000,1000
"TDG3PACT","core","internal",-1000,1000
"TDPADGAT","core","internal",0,1000
"TDPAGTA","core","internal",0,1000
"TDPDRE","core","internal",0,1000
"TDPDRRr","core","internal",-1000,1000
"TDPGDH","core","internal",0,1000
"TDSK","core","internal",0,1000
"TECA5S140","core","internal",-1000,1000
"TECA5S160","core","internal",-1000,1000
"TECA5S180","core","internal",-1000,1000
"TECA5SAI15","core","internal",-1000,1000
"TECA5SAI17","core","internal",-1000,1000
"TECA5SI14","core","internal",-1000,1000
"TECA5SI15","core","internal",-1000,1000
"TECA5SI16","core","internal",-1000,1000
"TECA5SI17","core","internal",-1000,1000
"TFMO2","core","internal",0,1000
"TGBPA","core","internal",-1000,1000
"THD1","core","internal",-1000,1000
"THD2","core","internal",0,1000
"THDPS","core","internal",0,1000
"THIORDXi","core","internal",0,1000
"THMDt2r","core","internal",-1000,1000
"THMDt4","core","internal",0,1000
"THMabc","core","internal",0,1000
"THRAi","core","internal",0,1000
"THRD","core","internal",0,1000
"THRD_L","core","internal",0,1000
"THRS","core","internal",0,1000
"THRt2r","core","internal",-1000,1000
"THSFST","core","internal",-1000,1000
"THZPSN","core","internal",0,1000
"TKT1","core","internal",-1000,1000
"TKT2","core","internal",-1000,1000
"TMAOR1","core","internal",0,1000
"TMAOR1e","core","internal",-1000,1000
"TMAOR2","core","internal",0,1000
"TMAOR2e","core","internal",-1000,1000
"TMDK1","core","internal",0,1000
"TMDPP","core","internal",-1000,1000
"TMDS","core","internal",0,1000
"TMK","core","internal",0,1000
"TMPK","core","internal",0,1000
"TMPPP","core","internal",0,1000
"TPI","core","internal",-1000,1000
"TRDOXOX","core","internal",-1000,1000
"TRDRr","core","internal",-1000,1000
"TRE6PH","core","internal",0,1000
"TRE6PP","core","internal",0,1000
"TRE6PS","core","internal",0,1000
"TREGLUDR2","core","internal",-1000,1000
"TREH","core","internal",0,1000
"TREpts","core","internal",0,1000
"TRPAS2i","core","internal",0,1000
"TRPS1","core","internal",0,1000
"TRPS2","core","internal",0,1000
"TRPS3","core","internal",0,1000
"TRPTA","core","internal",-1000,1000
"TRPt2r","core","internal",-1000,1000
"TRSARr","core","internal",-1000,1000
"TRSARry","core","internal",0,1000
"TSULabc","core","internal",0,1000
"TTDCAt2","core","internal",0,1000
"TTDCAtr","core","internal",-1000,1000
"TYMt2r","core","internal",-1000,1000
"TYROXDAc","core","internal",0,1000
"TYRTA","core","internal",-1000,1000
"TYRt2r","core","internal",-1000,1000
"U23GAAT","core","internal",0,1000
"UAAGDS","core","internal",0,1000
"UACMAMO","core","internal",0,1000
"UAG2E","core","internal",-1000,1000
"UAG2EMA","core","internal",-1000,1000
"UAG4E","core","internal",-1000,1000
"UAGAAT","core","internal",-1000,1000
"UAGCVT_r","core","internal",-1000,1000
"UAGDP","core","internal",0,1000
"UAGPT2","core","internal",0,1000
"UAGPT3","core","internal",0,1000
"UAMAGS","core","internal",0,1000
"UAMAS","core","internal",0,1000
"UAPGR","core","internal",0,1000
"UDCPDP","core","internal",0,1000
"UDCPDPS","core","internal",0,1000
"UDPG4E","core","internal",-1000,1000
"UDPGALM","core","internal",0,1000
"UDPGDr","core","internal",-1000,1000
"UDPGP","core","internal",0,1000
"UGLT","core","internal",-1000,1000
"UGLYCH","core","internal",0,1000
"UGMDDS","core","internal",0,1000
"UHGADA","core","internal",0,1000
"UMPK","core","internal",-1000,1000
"UPP3MT","core","internal",0,1000
"UPP3S","core","internal",0,1000
"UPPDC1","core","internal",0,1000
"UPPDC2b","core","internal",0,1000
"UPPRT","core","internal",0,1000
"URAt2","core","internal",0,1000
"URDGLYAH","core","internal",-1000,1000
"URDGLYCD","core","internal",0,1000
"URDGLYCR","core","internal",-1000,1000
"UREAt","core","internal",-1000,1000
"URFGTT","core","internal",0,1000
"URIDK3","core","internal",-1000,1000
"URIK1","core","internal",0,1000
"URIK10","core","internal",0,1000
"URIK11","core","internal",0,1000
"URIK12","core","internal",0,1000
"URIK13","core","internal",0,1000
"URIK14","core","internal",0,1000
"URIK2","core","internal",0,1000
"URIK3","core","internal",0,1000
"URIK4","core","internal",0,1000
"URIK5","core","internal",0,1000
"URIK6","core","internal",0,1000
"URIK7","core","internal",0,1000
"URIK8","core","internal",0,1000
"URIK9","core","internal",0,1000
"URIt2","core","internal",0,1000
"URIt4","core","internal",0,1000
"USHD","core","internal",0,1000
"UTPATPT","core","internal",-1000,1000
"VALTA","core","internal",-1000,1000
"VALabc","core","internal",0,1000
"VALt2r","core","internal",-1000,1000
"VPAMTr","core","internal",-1000,1000
"XANt2","core","internal",0,1000
"XPPT","core","internal",0,1000
"XTSNH","core","internal",0,1000
"XTSNt2r","core","internal",-1000,1000
"XYLI1","core","internal",-1000,1000
"XYLI2","core","internal",-1000,1000
"XYLK","core","internal",0,1000
"XYLabc","core","internal",0,1000
"XYLt","core","internal",-1000,1000
"YUMPS","core","internal",-1000,1000
"ZNabc","core","internal",0,1000
"dreplication","core","internal",0,1000
"pbiosynthesis","core","internal",0,1000
"r0010","core","internal",0,1000
"r0060","core","internal",0,1000
"r0082","core","internal",0,1000
"r0120","core","internal",0,1000
"r0127","core","internal",0,1000
"r0163c","core","internal",0,1000
"r0220","core","internal",-1000,1000
"r0318i","core","internal",0,1000
"r0339","core","internal",0,1000
"r0345","core","internal",-1000,1000
"r0398","core","internal",0,1000
"r0422","core","internal",-1000,1000
"r0502","core","internal",0,1000
"r0545","core","internal",0,1000
"r0556ci","core","internal",0,1000
"r0570","core","internal",-1000,1000
"r0671","core","internal",0,1000
"r0708","core","internal",0,1000
"r0775","core","internal",0,1000
"r0777","core","internal",0,1000
"r0792","core","internal",-1000,1000
"r1144","core","internal",0,1000
"r1162","core","internal",0,1000
"r1667","core","internal",-1000,1000
"r2137","core","internal",-1000,1000
"rtranscription","core","internal",0,1000
"sink_s","core","internal",-1000,1000
"biomass525","core","internal",0,1000
