reaction,lb,ub
12DGR180ti,0,1000
13PPDHr_f,0,1000
13PPDHr_r,0,1000
13PPDt_f,0,1000
13PPDt_r,0,1000
23DHMPO_f,0,1000
23DHMPO_r,0,1000
26DAPLLATi,0,1000
26DAPt2r_f,0,1000
26DAPt2r_r,0,1000
2AHBUTI_f,0,1000
2AHBUTI_r,0,1000
2MBCOATA_f,0,1000
2MBCOATA_r,0,1000
2OBUTt2r_f,0,1000
2OBUTt2r_r,0,1000
2S6HCC_f,0,1000
2S6HCC_r,0,1000
3HAD100,0,1000
3HAD10M12,0,1000
3HAD11M12,0,1000
3HAD120,0,1000
3HAD12M14,0,1000
3HAD13M14,0,1000
3HAD140,0,1000
3HAD14M16,0,1000
3HAD15M16,0,1000
3HAD160,0,1000
3HAD180,0,1000
3HAD40,0,1000
3HAD4M6,0,1000
3HAD5M6,0,1000
3HAD60,0,1000
3HAD6M8,0,1000
3HAD7M8,0,1000
3HAD80,0,1000
3HAD8M10,0,1000
3HAD9M10,0,1000
3HBCOAE_f,0,1000
3HBCOAE_r,0,1000
3MOBS_f,0,1000
3MOBS_r,0,1000
3OAR100_f,0,1000
3OAR100_r,0,1000
3OAR10M11_f,0,1000
3OAR10M11_r,0,1000
3OAR10M12_f,0,1000
3OAR10M12_r,0,1000
3OAR11M12_f,0,1000
3OAR11M12_r,0,1000
3OAR120_f,0,1000
3OAR120_r,0,1000
3OAR12M13_f,0,1000
3OAR12M13_r,0,1000
3OAR12M14_f,0,1000
3OAR12M14_r,0,1000
3OAR13M14_f,0,1000
3OAR13M14_r,0,1000
3OAR140_f,0,1000
3OAR140_r,0,1000
3OAR14M15_f,0,1000
3OAR14M15_r,0,1000
3OAR14M16_f,0,1000
3OAR14M16_r,0,1000
3OAR15M16_f,0,1000
3OAR15M16_r,0,1000
3OAR160_f,0,1000
3OAR160_r,0,1000
3OAR180_f,0,1000
3OAR180_r,0,1000
3OAR40_f,0,1000
3OAR40_r,0,1000
3OAR4M5_f,0,1000
3OAR4M5_r,0,1000
3OAR4M6_f,0,1000
3OAR4M6_r,0,1000
3OAR5M6_f,0,1000
3OAR5M6_r,0,1000
3OAR60_f,0,1000
3OAR60_r,0,1000
3OAR6M7_f,0,1000
3OAR6M7_r,0,1000
3OAR6M8_f,0,1000
3OAR6M8_r,0,1000
3OAR7M8_f,0,1000
3OAR7M8_r,0,1000
3OAR80_f,0,1000
3OAR80_r,0,1000
3OAR8M10_f,0,1000
3OAR8M10_r,0,1000
3OAR8M9_f,0,1000
3OAR8M9_r,0,1000
3OAR9M10_f,0,1000
3OAR9M10_r,0,1000
3OAS100,0,1000
3OAS10M11,0,1000
3OAS10M12,0,1000
3OAS11M12,0,1000
3OAS120,0,1000
3OAS12M13,0,1000
3OAS12M14,0,1000
3OAS13M14,0,1000
3OAS140,0,1000
3OAS160,0,1000
3OAS180,0,1000
3OAS2M3,0,1000
3OAS3M4,0,1000
3OAS4M3O6,0,1000
3OAS4M5,0,1000
3OAS4M6,0,1000
3OAS5M6,0,1000
3OAS60,0,1000
3OAS6M7,0,1000
3OAS6M8,0,1000
3OAS7M8,0,1000
3OAS80,0,1000
3OAS8M10,0,1000
3OAS8M9,0,1000
3OAS9M10,0,1000
4HBNOX_f,0,1000
4HBNOX_r,0,1000
4HTHRS,0,1000
4NTPPH2,0,1000
5AIZCDC,0,1000
5C2O3EDDC,0,1000
5DOAN,0,1000
5MTHCYST_f,0,1000
5MTHCYST_r,0,1000
6PHBG,0,1000
6PHBG2,0,1000
AACGLYDH_f,0,1000
AACGLYDH_r,0,1000
AACPS6,0,1000
AACPS7,0,1000
AB6PGH,0,1000
AB6PGH2,0,1000
ABTAr_f,0,1000
ABTAr_r,0,1000
ABTOXy_f,0,1000
ABTOXy_r,0,1000
ABUTD,0,1000
ABUTR_f,0,1000
ABUTR_r,0,1000
ACACCTr_f,0,1000
ACACCTr_r,0,1000
ACACT1r_f,0,1000
ACACT1r_r,0,1000
ACACT2r_f,0,1000
ACACT2r_r,0,1000
ACALD_f,0,1000
ACALD_r,0,1000
ACALDt_f,0,1000
ACALDt_r,0,1000
ACBIPGT,0,1000
ACCOAC,0,1000
ACCOACL,0,1000
ACEDIPIT_f,0,1000
ACEDIPIT_r,0,1000
ACGAMT,0,1000
ACGApts,0,1000
ACGK,0,1000
ACGS,0,1000
ACHBPL_f,0,1000
ACHBPL_r,0,1000
ACKr_f,0,1000
ACKr_r,0,1000
ACLS_a,0,1000
ACLS_b_f,0,1000
ACLS_b_r,0,1000
ACNML,0,1000
ACOAAGPAT140,0,1000
ACOAAGPAT160,0,1000
ACOAAGPAT180,0,1000
ACOAAGPATAI15,0,1000
ACOAAGPATAI17,0,1000
ACOAAGPATI14,0,1000
ACOAAGPATI15,0,1000
ACOAAGPATI16,0,1000
ACOAAGPATI17,0,1000
ACOAD1i,0,1000
ACOAD20,0,1000
ACOADH2,0,1000
ACOATA_f,0,1000
ACOATA_r,0,1000
ACOCT,0,1000
ACODAr_f,0,1000
ACODAr_r,0,1000
ACONT_f,0,1000
ACONT_r,0,1000
ACONTa_f,0,1000
ACONTa_r,0,1000
ACONTb_f,0,1000
ACONTb_r,0,1000
ACOTA_f,0,1000
ACOTA_r,0,1000
ACPS1,0,1000
ACYP,0,1000
ACYP_2,0,1000
ACt2r_f,0,1000
ACt2r_r,0,1000
ADA,0,1000
ADCL,0,1000
ADCS,0,1000
ADD,0,1000
ADEt2r_f,0,1000
ADEt2r_r,0,1000
ADK1_f,0,1000
ADK1_r,0,1000
ADK10_f,0,1000
ADK10_r,0,1000
ADK11_f,0,1000
ADK11_r,0,1000
ADK2_f,0,1000
ADK2_r,0,1000
ADK3_f,0,1000
ADK3_r,0,1000
ADK5_f,0,1000
ADK5_r,0,1000
ADK7_f,0,1000
ADK7_r,0,1000
ADK8_f,0,1000
ADK8_r,0,1000
ADK9_f,0,1000
ADK9_r,0,1000
ADMDCr_f,0,1000
ADMDCr_r,0,1000
ADNCNT3tc_f,0,1000
ADNCNT3tc_r,0,1000
ADNCYC,0,1000
ADOCBIK,0,1000
ADOCBIK2,0,1000
ADOCBLS,0,1000
ADOCBLabc,0,1000
ADPRDP,0,1000
ADPT,0,1000
ADSL1r_f,0,1000
ADSL1r_r,0,1000
ADSL2r_f,0,1000
ADSL2r_r,0,1000
ADSS,0,1000
AEPPT,0,1000
AGDC,0,1000
AGMT,0,1000
AGPAT120,0,1000
AGPAT140,0,1000
AGPAT141,0,1000
AGPAT160,0,1000
AGPAT161,0,1000
AGPAT180,0,1000
AGPAT181,0,1000
AGPR_f,0,1000
AGPR_r,0,1000
AHC_f,0,1000
AHC_r,0,1000
AHCYSNS_r_f,0,1000
AHCYSNS_r_r,0,1000
AHMMPS,0,1000
AHSERL2,0,1000
AHSERL3_f,0,1000
AHSERL3_r,0,1000
AICART_f,0,1000
AICART_r,0,1000
AIHDUDPMG_f,0,1000
AIHDUDPMG_r,0,1000
AIHDUPDG_f,0,1000
AIHDUPDG_r,0,1000
AIHPDCOATA_f,0,1000
AIHPDCOATA_r,0,1000
AIPDCOATA_f,0,1000
AIPDCOATA_r,0,1000
AIRC4,0,1000
AKP1,0,1000
ALAALA,0,1000
ALAASP1c_f,0,1000
ALAASP1c_r,0,1000
ALAASPabc,0,1000
ALACI_f,0,1000
ALACI_r,0,1000
ALAGLN1c_f,0,1000
ALAGLN1c_r,0,1000
ALAGLNabc,0,1000
ALAGLU1c_f,0,1000
ALAGLU1c_r,0,1000
ALAGLUabc,0,1000
ALAGLY1c_f,0,1000
ALAGLY1c_r,0,1000
ALAGLYabc,0,1000
ALAHIS1c_f,0,1000
ALAHIS1c_r,0,1000
ALAHISabc,0,1000
ALALEU1c_f,0,1000
ALALEU1c_r,0,1000
ALALEUabc,0,1000
ALAPGPL,0,1000
ALAR_f,0,1000
ALAR_r,0,1000
ALATA_D_f,0,1000
ALATA_D_r,0,1000
ALATHR1c_f,0,1000
ALATHR1c_r,0,1000
ALATHRabc,0,1000
ALAt2r_f,0,1000
ALAt2r_r,0,1000
ALCD19_f,0,1000
ALCD19_r,0,1000
ALCD2x_f,0,1000
ALCD2x_r,0,1000
ALDD2x,0,1000
ALKP,0,1000
ALLTN,0,1000
ALLTNt2r_f,0,1000
ALLTNt2r_r,0,1000
ALPHNH,0,1000
ALTRH,0,1000
AMAA,0,1000
AMALT1,0,1000
AMALT2,0,1000
AMALT3,0,1000
AMALT4,0,1000
AMANAPEr_f,0,1000
AMANAPEr_r,0,1000
AMANK,0,1000
AMAOTr_f,0,1000
AMAOTr_r,0,1000
AMMQT8r_f,0,1000
AMMQT8r_r,0,1000
AMPMS2,0,1000
AMPSO3OX_f,0,1000
AMPSO3OX_r,0,1000
AMPTASECG,0,1000
AMPTASEGC,0,1000
AMY1e,0,1000
AMY2e,0,1000
ANPRT,0,1000
ANS,0,1000
ANS2,0,1000
AOBUTDs,0,1000
APAT_f,0,1000
APAT_r,0,1000
APRAUR,0,1000
ARAI_f,0,1000
ARAI_r,0,1000
ARBTpts,0,1000
ARBabc,0,1000
ARGDA,0,1000
ARGDC,0,1000
ARGN,0,1000
ARGSL_f,0,1000
ARGSL_r,0,1000
ARGSSr_f,0,1000
ARGSSr_r,0,1000
ARGt2r_f,0,1000
ARGt2r_r,0,1000
ASAD_f,0,1000
ASAD_r,0,1000
ASCBPL,0,1000
ASNS1,0,1000
ASNS2,0,1000
ASNt2r_f,0,1000
ASNt2r_r,0,1000
ASP1DC,0,1000
ASPCT,0,1000
ASPKi,0,1000
ASPO1,0,1000
ASPO5,0,1000
ASPO6,0,1000
ASPT,0,1000
ASPTA_f,0,1000
ASPTA_r,0,1000
ASPt2r_f,0,1000
ASPt2r_r,0,1000
ATPPRT,0,1000
ATPS4,0,1000
BACCLi,0,1000
BETALDHx,0,1000
BETALDHy,0,1000
BGLA,0,1000
BGLA1,0,1000
BGLAr_f,0,1000
BGLAr_r,0,1000
BPNT,0,1000
BTCOADH_f,0,1000
BTCOADH_r,0,1000
BTDD_RR_f,0,1000
BTDD_RR_r,0,1000
BTNCLi,0,1000
BTNabc,0,1000
BUP2,0,1000
BUTCTr_f,0,1000
BUTCTr_r,0,1000
BUTKr_f,0,1000
BUTKr_r,0,1000
BUTSO3abc,0,1000
BUTt2r_f,0,1000
BUTt2r_r,0,1000
CADVt_f,0,1000
CADVt_r,0,1000
CAt4i,0,1000
CBIAT_f,0,1000
CBIAT_r,0,1000
CBL1abc,0,1000
CBL2abc,0,1000
CBLAT_f,0,1000
CBLAT_r,0,1000
CBPS,0,1000
CD2abc1,0,1000
CDPGHL,0,1000
CDPGLYCGPT_f,0,1000
CDPGLYCGPT_r,0,1000
CDPMEK,0,1000
CELBpts,0,1000
CGLYabc,0,1000
CHORM,0,1000
CHORS,0,1000
CHRPL,0,1000
CITRAMALS,0,1000
CLPNS140_f,0,1000
CLPNS140_r,0,1000
CLPNS160_f,0,1000
CLPNS160_r,0,1000
CLPNS180_f,0,1000
CLPNS180_r,0,1000
CLPNSAI15_f,0,1000
CLPNSAI15_r,0,1000
CLPNSAI17_f,0,1000
CLPNSAI17_r,0,1000
CLPNSI14_f,0,1000
CLPNSI14_r,0,1000
CLPNSI15_f,0,1000
CLPNSI15_r,0,1000
CLPNSI16_f,0,1000
CLPNSI16_r,0,1000
CLPNSI17_f,0,1000
CLPNSI17_r,0,1000
CMLDC,0,1000
CO2t_f,0,1000
CO2t_r,0,1000
COBALTt5_f,0,1000
COBALTt5_r,0,1000
CPC2MT,0,1000
CPC3MT,0,1000
CPC4MT,0,1000
CPC5MT,0,1000
CPC6MT,0,1000
CPC6R,0,1000
CPC8MM_f,0,1000
CPC8MM_r,0,1000
CPPPGO,0,1000
CPPPGO2,0,1000
CRO4t3_f,0,1000
CRO4t3_r,0,1000
CS,0,1000
CSNt2,0,1000
CTPS1,0,1000
CTPS2,0,1000
CYRDAAT,0,1000
CYRDAS,0,1000
CYSDS,0,1000
CYSS,0,1000
CYSS3r_f,0,1000
CYSS3r_r,0,1000
CYSTGL,0,1000
CYSTS,0,1000
CYSt2r_f,0,1000
CYSt2r_r,0,1000
CYTBD,0,1000
CYTD,0,1000
CYTDK1,0,1000
CYTDK2,0,1000
CYTDK3,0,1000
CYTDK4,0,1000
CYTDt2r_f,0,1000
CYTDt2r_r,0,1000
CYTK1_f,0,1000
CYTK1_r,0,1000
CYTK2_f,0,1000
CYTK2_r,0,1000
Cuabc,0,1000
Cut1,0,1000
DADA,0,1000
DADNt2r_f,0,1000
DADNt2r_r,0,1000
DAGK120,0,1000
DAGK140,0,1000
DAGK141,0,1000
DAGK160,0,1000
DAGK161,0,1000
DAGK180,0,1000
DAGK181,0,1000
DALAt2r_f,0,1000
DALAt2r_r,0,1000
DAPDAi,0,1000
DAPDC,0,1000
DAPE_f,0,1000
DAPE_r,0,1000
DASYN120,0,1000
DASYN140,0,1000
DASYN141,0,1000
DASYN160,0,1000
DASYN161,0,1000
DASYN180,0,1000
DASYN181,0,1000
DASYNAI15,0,1000
DASYNAI17,0,1000
DASYNI14,0,1000
DASYNI15,0,1000
DASYNI16,0,1000
DASYNI17,0,1000
DB4PS,0,1000
DBTS,0,1000
DCMPDA_f,0,1000
DCMPDA_r,0,1000
DCTPD,0,1000
DCTPD2,0,1000
DCYTD,0,1000
DCYTt2r_f,0,1000
DCYTt2r_r,0,1000
DDCAt_f,0,1000
DDCAt_r,0,1000
DDGLK,0,1000
DDPA,0,1000
DDPGA_f,0,1000
DDPGA_r,0,1000
DEXTRINASE,0,1000
DEXTRINabc,0,1000
DGK1_f,0,1000
DGK1_r,0,1000
DGSNt2,0,1000
DHAD1,0,1000
DHAD2,0,1000
DHAK,0,1000
DHAPT,0,1000
DHDPRyr_f,0,1000
DHDPRyr_r,0,1000
DHDPS,0,1000
DHFOR2_f,0,1000
DHFOR2_r,0,1000
DHFR_f,0,1000
DHFR_r,0,1000
DHFS,0,1000
DHNAOT4,0,1000
DHNPA,0,1000
DHORD2,0,1000
DHORD5,0,1000
DHORDfum,0,1000
DHORDi,0,1000
DHORTS_f,0,1000
DHORTS_r,0,1000
DHPM1,0,1000
DHPM2,0,1000
DHPPDA,0,1000
DHPS,0,1000
DHQS,0,1000
DHQTi,0,1000
DINSt2,0,1000
DMATT,0,1000
DMPPS,0,1000
DMPPS2r_f,0,1000
DMPPS2r_r,0,1000
DMQMT,0,1000
DM_2HYMEPH,0,1000
DM_2obut_c,0,1000
DM_4HBA,0,1000
DM_5DRIB,0,1000
DM_5MTR,0,1000
DM_GCALD,0,1000
DM_HQN,0,1000
DM_atp_c,0,1000
DM_btn,0,1000
DM_clpn140_c,0,1000
DM_clpn160_c,0,1000
DM_clpn180_c,0,1000
DM_clpnai15_c,0,1000
DM_clpnai17_c,0,1000
DM_clpni15_c,0,1000
DM_clpni16_c,0,1000
DM_clpni17_c,0,1000
DM_dad_5,0,1000
DM_dhptd_c_f,0,1000
DM_dhptd_c_r,0,1000
DM_teich__45__BS_c,0,1000
DPCOAK,0,1000
DPRr_f,0,1000
DPRr_r,0,1000
DRBK,0,1000
DRIBabc,0,1000
DRPAr_f,0,1000
DRPAr_r,0,1000
DTMPK,0,1000
DURAD_f,0,1000
DURAD_r,0,1000
DURAD2_f,0,1000
DURAD2_r,0,1000
DURIK1,0,1000
DURIPP_f,0,1000
DURIPP_r,0,1000
DURIt2,0,1000
DUTPDP,0,1000
DXPRIr_f,0,1000
DXPRIr_r,0,1000
DXPS,0,1000
D_LACD,0,1000
D_LACt2_f,0,1000
D_LACt2_r,0,1000
E4PD_f,0,1000
E4PD_r,0,1000
EAR100x,0,1000
EAR10M12x,0,1000
EAR11M12x,0,1000
EAR120x,0,1000
EAR12M14x,0,1000
EAR13M14x,0,1000
EAR140x,0,1000
EAR14M16x,0,1000
EAR15M16x,0,1000
EAR160x,0,1000
EAR180x,0,1000
EAR40x,0,1000
EAR4M6x,0,1000
EAR5M6x,0,1000
EAR60x,0,1000
EAR6M8x,0,1000
EAR7M8x,0,1000
EAR80x,0,1000
EAR8M10x,0,1000
EAR9M10x,0,1000
ECOAH1_f,0,1000
ECOAH1_r,0,1000
ECOAH1R_f,0,1000
ECOAH1R_r,0,1000
EDA_R_f,0,1000
EDA_R_r,0,1000
EHGLAT,0,1000
ENO_f,0,1000
ENO_r,0,1000
ETHAAL,0,1000
ETHSO3abc,0,1000
ETOHt_f,0,1000
ETOHt_r,0,1000
EX_12dgr180_e_f,0,1000
EX_12dgr180_e_r,0,1000
EX_13ppd_e_f,0,1000
EX_13ppd_e_r,0,1000
EX_15dap_e_f,0,1000
EX_15dap_e_r,0,1000
EX_26dap__M_e_f,0,1000
EX_26dap__M_e_r,0,1000
EX_2obut_e_f,0,1000
EX_2obut_e_r,0,1000
EX_Lcyst_e_f,0,1000
EX_Lcyst_e_r,0,1000
EX_Tyr__ggn_e_f,0,1000
EX_Tyr__ggn_e_r,0,1000
EX_ac_e_f,0,1000
EX_ac_e_r,0,1000
EX_acald_e_f,0,1000
EX_acald_e_r,0,1000
EX_acgam_e_f,0,1000
EX_acgam_e_r,0,1000
EX_ade_e_f,0,1000
EX_ade_e_r,0,1000
EX_adn_e_f,0,1000
EX_adn_e_r,0,1000
EX_adocbl_e_f,0,1000
EX_adocbl_e_r,0,1000
EX_ala__D_e_f,0,1000
EX_ala__D_e_r,0,1000
EX_ala__L_e_f,0,1000
EX_ala__L_e_r,0,1000
EX_alaasp_e_f,0,1000
EX_alaasp_e_r,0,1000
EX_alagln_e_f,0,1000
EX_alagln_e_r,0,1000
EX_alaglu_e_f,0,1000
EX_alaglu_e_r,0,1000
EX_alagly_e_f,0,1000
EX_alagly_e_r,0,1000
EX_alahis_e_f,0,1000
EX_alahis_e_r,0,1000
EX_alaleu_e_f,0,1000
EX_alaleu_e_r,0,1000
EX_alathr_e_f,0,1000
EX_alathr_e_r,0,1000
EX_alltn_e_f,0,1000
EX_alltn_e_r,0,1000
EX_arab__L_e_f,0,1000
EX_arab__L_e_r,0,1000
EX_arbt_e_f,0,1000
EX_arbt_e_r,0,1000
EX_arg__L_e_f,0,1000
EX_arg__L_e_r,0,1000
EX_asn__L_e_f,0,1000
EX_asn__L_e_r,0,1000
EX_asp__L_e_f,0,1000
EX_asp__L_e_r,0,1000
EX_biomass_e_f,0,1000
EX_biomass_e_r,0,1000
EX_btn_e_f,0,1000
EX_btn_e_r,0,1000
EX_but_e_f,0,1000
EX_but_e_r,0,1000
EX_butso3_e_f,0,1000
EX_butso3_e_r,0,1000
EX_ca2_e_f,0,1000
EX_ca2_e_r,0,1000
EX_cbl1_e_f,0,1000
EX_cbl1_e_r,0,1000
EX_cbl2_e_f,0,1000
EX_cbl2_e_r,0,1000
EX_cd2_e_f,0,1000
EX_cd2_e_r,0,1000
EX_cellb_e_f,0,1000
EX_cellb_e_r,0,1000
EX_cgly_e_f,0,1000
EX_cgly_e_r,0,1000
EX_cl_e_f,0,1000
EX_cl_e_r,0,1000
EX_co2_e_f,0,1000
EX_co2_e_r,0,1000
EX_cobalt2_e_f,0,1000
EX_cobalt2_e_r,0,1000
EX_cro4_e_f,0,1000
EX_cro4_e_r,0,1000
EX_csn_e_f,0,1000
EX_csn_e_r,0,1000
EX_cu2_e_f,0,1000
EX_cu2_e_r,0,1000
EX_cys__L_e_f,0,1000
EX_cys__L_e_r,0,1000
EX_cytd_e_f,0,1000
EX_cytd_e_r,0,1000
EX_dad__2_e_f,0,1000
EX_dad__2_e_r,0,1000
EX_dcyt_e_f,0,1000
EX_dcyt_e_r,0,1000
EX_ddca_e_f,0,1000
EX_ddca_e_r,0,1000
EX_dextrin_e_f,0,1000
EX_dextrin_e_r,0,1000
EX_dgsn_e_f,0,1000
EX_dgsn_e_r,0,1000
EX_din_e_f,0,1000
EX_din_e_r,0,1000
EX_drib_e_f,0,1000
EX_drib_e_r,0,1000
EX_duri_e_f,0,1000
EX_duri_e_r,0,1000
EX_ethso3_e_f,0,1000
EX_ethso3_e_r,0,1000
EX_etoh_e_f,0,1000
EX_etoh_e_r,0,1000
EX_fe2_e_f,0,1000
EX_fe2_e_r,0,1000
EX_fe3_e_f,0,1000
EX_fe3_e_r,0,1000
EX_fecrm_e_f,0,1000
EX_fecrm_e_r,0,1000
EX_fol_e_f,0,1000
EX_fol_e_r,0,1000
EX_for_e_f,0,1000
EX_for_e_r,0,1000
EX_fru_e_f,0,1000
EX_fru_e_r,0,1000
EX_fuc1p__L_e_f,0,1000
EX_fuc1p__L_e_r,0,1000
EX_g6p_e_f,0,1000
EX_g6p_e_r,0,1000
EX_gal_e_f,0,1000
EX_gal_e_r,0,1000
EX_galt_e_f,0,1000
EX_galt_e_r,0,1000
EX_galur_e_f,0,1000
EX_galur_e_r,0,1000
EX_gam_e_f,0,1000
EX_gam_e_r,0,1000
EX_gcald_e_f,0,1000
EX_gcald_e_r,0,1000
EX_glc__D_e_f,0,1000
EX_glc__D_e_r,0,1000
EX_gln__L_e_f,0,1000
EX_gln__L_e_r,0,1000
EX_glu__L_e_f,0,1000
EX_glu__L_e_r,0,1000
EX_gly_e_f,0,1000
EX_gly_e_r,0,1000
EX_glyasn_e_f,0,1000
EX_glyasn_e_r,0,1000
EX_glyasp_e_f,0,1000
EX_glyasp_e_r,0,1000
EX_glyb_e_f,0,1000
EX_glyb_e_r,0,1000
EX_glyc_e_f,0,1000
EX_glyc_e_r,0,1000
EX_glyc3p_e_f,0,1000
EX_glyc3p_e_r,0,1000
EX_glycys_e_f,0,1000
EX_glycys_e_r,0,1000
EX_glygln_e_f,0,1000
EX_glygln_e_r,0,1000
EX_glyglu_e_f,0,1000
EX_glyglu_e_r,0,1000
EX_glygn2_e_f,0,1000
EX_glygn2_e_r,0,1000
EX_glygn4_e_f,0,1000
EX_glygn4_e_r,0,1000
EX_glygn5_e_f,0,1000
EX_glygn5_e_r,0,1000
EX_glyleu_e_f,0,1000
EX_glyleu_e_r,0,1000
EX_glymet_e_f,0,1000
EX_glymet_e_r,0,1000
EX_glyphe_e_f,0,1000
EX_glyphe_e_r,0,1000
EX_glypro_e_f,0,1000
EX_glypro_e_r,0,1000
EX_glytyr_e_f,0,1000
EX_glytyr_e_r,0,1000
EX_gua_e_f,0,1000
EX_gua_e_r,0,1000
EX_h_e_f,0,1000
EX_h_e_r,0,1000
EX_h2_e_f,0,1000
EX_h2_e_r,0,1000
EX_h2o_e_f,0,1000
EX_h2o_e_r,0,1000
EX_h2s_e_f,0,1000
EX_h2s_e_r,0,1000
EX_hdca_e_f,0,1000
EX_hdca_e_r,0,1000
EX_hexs_e_f,0,1000
EX_hexs_e_r,0,1000
EX_hg2_e_f,0,1000
EX_hg2_e_r,0,1000
EX_his__L_e_f,0,1000
EX_his__L_e_r,0,1000
EX_hxan_e_f,0,1000
EX_hxan_e_r,0,1000
EX_ile__L_e_f,0,1000
EX_ile__L_e_r,0,1000
EX_ins_e_f,0,1000
EX_ins_e_r,0,1000
EX_isetac_e_f,0,1000
EX_isetac_e_r,0,1000
EX_k_e_f,0,1000
EX_k_e_r,0,1000
EX_kesto_e_f,0,1000
EX_kesto_e_r,0,1000
EX_kestopt_e_f,0,1000
EX_kestopt_e_r,0,1000
EX_kestottr_e_f,0,1000
EX_kestottr_e_r,0,1000
EX_lac__D_e_f,0,1000
EX_lac__D_e_r,0,1000
EX_lac__L_e_f,0,1000
EX_lac__L_e_r,0,1000
EX_lcts_e_f,0,1000
EX_lcts_e_r,0,1000
EX_leu__L_e_f,0,1000
EX_leu__L_e_r,0,1000
EX_lys__L_e_f,0,1000
EX_lys__L_e_r,0,1000
EX_malt_e_f,0,1000
EX_malt_e_r,0,1000
EX_malthx_e_f,0,1000
EX_malthx_e_r,0,1000
EX_malttr_e_f,0,1000
EX_malttr_e_r,0,1000
EX_man_e_f,0,1000
EX_man_e_r,0,1000
EX_man6p_e_f,0,1000
EX_man6p_e_r,0,1000
EX_mantr_e_f,0,1000
EX_mantr_e_r,0,1000
EX_melib_e_f,0,1000
EX_melib_e_r,0,1000
EX_meoh_e_f,0,1000
EX_meoh_e_r,0,1000
EX_met__D_e_f,0,1000
EX_met__D_e_r,0,1000
EX_met__L_e_f,0,1000
EX_met__L_e_r,0,1000
EX_metala_e_f,0,1000
EX_metala_e_r,0,1000
EX_metsox__R__L_e_f,0,1000
EX_metsox__R__L_e_r,0,1000
EX_metsox__S__L_e_f,0,1000
EX_metsox__S__L_e_r,0,1000
EX_mg2_e_f,0,1000
EX_mg2_e_r,0,1000
EX_mn2_e_f,0,1000
EX_mn2_e_r,0,1000
EX_mnl_e_f,0,1000
EX_mnl_e_r,0,1000
EX_mobd_e_f,0,1000
EX_mobd_e_r,0,1000
EX_mops_e_f,0,1000
EX_mops_e_r,0,1000
EX_mqn8_e_f,0,1000
EX_mqn8_e_r,0,1000
EX_mso3_e_f,0,1000
EX_mso3_e_r,0,1000
EX_n2_e_f,0,1000
EX_n2_e_r,0,1000
EX_na1_e_f,0,1000
EX_na1_e_r,0,1000
EX_nac_e_f,0,1000
EX_nac_e_r,0,1000
EX_nh4_e_f,0,1000
EX_nh4_e_r,0,1000
EX_no2_e_f,0,1000
EX_no2_e_r,0,1000
EX_no3_e_f,0,1000
EX_no3_e_r,0,1000
EX_o2_e_f,0,1000
EX_o2_e_r,0,1000
EX_ocdca_e_f,0,1000
EX_ocdca_e_r,0,1000
EX_pb_e_f,0,1000
EX_pb_e_r,0,1000
EX_pect_e_f,0,1000
EX_pect_e_r,0,1000
EX_phe__L_e_f,0,1000
EX_phe__L_e_r,0,1000
EX_pi_e_f,0,1000
EX_pi_e_r,0,1000
EX_ppi_e_f,0,1000
EX_ppi_e_r,0,1000
EX_pro__L_e_f,0,1000
EX_pro__L_e_r,0,1000
EX_ptrc_e_f,0,1000
EX_ptrc_e_r,0,1000
EX_raffin_e_f,0,1000
EX_raffin_e_r,0,1000
EX_rib__D_e_f,0,1000
EX_rib__D_e_r,0,1000
EX_ribflv_e_f,0,1000
EX_ribflv_e_r,0,1000
EX_salcn_e_f,0,1000
EX_salcn_e_r,0,1000
EX_sbt__D_e_f,0,1000
EX_sbt__D_e_r,0,1000
EX_ser__L_e_f,0,1000
EX_ser__L_e_r,0,1000
EX_sheme_e_f,0,1000
EX_sheme_e_r,0,1000
EX_so4_e_f,0,1000
EX_so4_e_r,0,1000
EX_spmd_e_f,0,1000
EX_spmd_e_r,0,1000
EX_strch1_e_f,0,1000
EX_strch1_e_r,0,1000
EX_strch2_e_f,0,1000
EX_strch2_e_r,0,1000
EX_stys_e_f,0,1000
EX_stys_e_r,0,1000
EX_succ_e_f,0,1000
EX_succ_e_r,0,1000
EX_sucr_e_f,0,1000
EX_sucr_e_r,0,1000
EX_sulfac_e_f,0,1000
EX_sulfac_e_r,0,1000
EX_taur_e_f,0,1000
EX_taur_e_r,0,1000
EX_thm_e_f,0,1000
EX_thm_e_r,0,1000
EX_thr__L_e_f,0,1000
EX_thr__L_e_r,0,1000
EX_thymd_e_f,0,1000
EX_thymd_e_r,0,1000
EX_tre_e_f,0,1000
EX_tre_e_r,0,1000
EX_trp__L_e_f,0,1000
EX_trp__L_e_r,0,1000
EX_tsul_e_f,0,1000
EX_tsul_e_r,0,1000
EX_ttdca_e_f,0,1000
EX_ttdca_e_r,0,1000
EX_tyr__L_e_f,0,1000
EX_tyr__L_e_r,0,1000
EX_ura_e_f,0,1000
EX_ura_e_r,0,1000
EX_urea_e_f,0,1000
EX_urea_e_r,0,1000
EX_uri_e_f,0,1000
EX_uri_e_r,0,1000
EX_val__L_e_f,0,1000
EX_val__L_e_r,0,1000
EX_xan_e_f,0,1000
EX_xan_e_r,0,1000
EX_xyl__D_e_f,0,1000
EX_xyl__D_e_r,0,1000
EX_zn2_e_f,0,1000
EX_zn2_e_r,0,1000
F1PPt_f,0,1000
F1PPt_r,0,1000
FBA_f,0,1000
FBA_r,0,1000
FBA2_f,0,1000
FBA2_r,0,1000
FBA3_f,0,1000
FBA3_r,0,1000
FBP,0,1000
FCLTc,0,1000
FDH,0,1000
FDNADOX_H_f,0,1000
FDNADOX_H_r,0,1000
FE2abc,0,1000
FE3abc,0,1000
FECRMabc,0,1000
FFSD,0,1000
FMNAT,0,1000
FOLD3,0,1000
FOLabc,0,1000
FORTHFC_f,0,1000
FORTHFC_r,0,1000
FORt2r_f,0,1000
FORt2r_r,0,1000
FPGS7,0,1000
FPGS_tm,0,1000
FRD2,0,1000
FRD3,0,1000
FRD7,0,1000
FRUK,0,1000
FRUpts,0,1000
FRUt2r_f,0,1000
FRUt2r_r,0,1000
FTHFCL,0,1000
FTHFL,0,1000
FUM_f,0,1000
FUM_r,0,1000
FXXRDO_f,0,1000
FXXRDO_r,0,1000
G1PACT,0,1000
G1PCT_f,0,1000
G1PCT_r,0,1000
G1PTT,0,1000
G1SAT_f,0,1000
G1SAT_r,0,1000
G3PAT120,0,1000
G3PAT140,0,1000
G3PAT141,0,1000
G3PAT160,0,1000
G3PAT161,0,1000
G3PAT180,0,1000
G3PAT181,0,1000
G3PATAI15,0,1000
G3PATAI17,0,1000
G3PATI14,0,1000
G3PATI15,0,1000
G3PATI16,0,1000
G3PATI17,0,1000
G3PCT,0,1000
G3PD1_f,0,1000
G3PD1_r,0,1000
G3PD2_f,0,1000
G3PD2_r,0,1000
G5SADs,0,1000
G5SDr_f,0,1000
G5SDr_r,0,1000
G6PDA,0,1000
G6PI_f,0,1000
G6PI_r,0,1000
G6PI3_f,0,1000
G6PI3_r,0,1000
G6Pt6_2_f,0,1000
G6Pt6_2_r,0,1000
GAL6PI_f,0,1000
GAL6PI_r,0,1000
GALK,0,1000
GALM1r_f,0,1000
GALM1r_r,0,1000
GALS3,0,1000
GALT_f,0,1000
GALT_r,0,1000
GALTpts,0,1000
GALU_f,0,1000
GALU_r,0,1000
GALURt2r_f,0,1000
GALURt2r_r,0,1000
GALabc,0,1000
GAMYe,0,1000
GAMpts,0,1000
GAPD_f,0,1000
GAPD_r,0,1000
GARFTi,0,1000
GART,0,1000
GCALDt_f,0,1000
GCALDt_r,0,1000
GF6PTA,0,1000
GHMT2r_f,0,1000
GHMT2r_r,0,1000
GK1_f,0,1000
GK1_r,0,1000
GK2_f,0,1000
GK2_r,0,1000
GLCP3_f,0,1000
GLCP3_r,0,1000
GLCS3_f,0,1000
GLCS3_r,0,1000
GLCTR4r_f,0,1000
GLCTR4r_r,0,1000
GLCabc,0,1000
GLCpts,0,1000
GLGC,0,1000
GLNS,0,1000
GLNSP1,0,1000
GLNSP2,0,1000
GLNSP3,0,1000
GLNabc,0,1000
GLU5K,0,1000
GLUCYS,0,1000
GLUDy_f,0,1000
GLUDy_r,0,1000
GLUOX_f,0,1000
GLUOX_r,0,1000
GLUPRT,0,1000
GLUR_f,0,1000
GLUR_r,0,1000
GLUSy,0,1000
GLUTRR,0,1000
GLUTRS,0,1000
GLUt2r_f,0,1000
GLUt2r_r,0,1000
GLXO1,0,1000
GLYASN1c_f,0,1000
GLYASN1c_r,0,1000
GLYASNabc,0,1000
GLYASP1c_f,0,1000
GLYASP1c_r,0,1000
GLYASPabc,0,1000
GLYBabc,0,1000
GLYC3Pabc,0,1000
GLYCDx,0,1000
GLYCL,0,1000
GLYCTO1,0,1000
GLYCTO2,0,1000
GLYCTO3,0,1000
GLYCTO4,0,1000
GLYCYSabc,0,1000
GLYCt_f,0,1000
GLYCt_r,0,1000
GLYGLN1c_f,0,1000
GLYGLN1c_r,0,1000
GLYGLNabc,0,1000
GLYGLU1c_f,0,1000
GLYGLU1c_r,0,1000
GLYGLUabc,0,1000
GLYK,0,1000
GLYLEUHYDROc_f,0,1000
GLYLEUHYDROc_r,0,1000
GLYLEUPEPT1tc,0,1000
GLYMET1c_f,0,1000
GLYMET1c_r,0,1000
GLYMETabc,0,1000
GLYPHEHYc_f,0,1000
GLYPHEHYc_r,0,1000
GLYPHEabc,0,1000
GLYPROPRO1c_f,0,1000
GLYPROPRO1c_r,0,1000
GLYPROabc,0,1000
GLYTYR1c_f,0,1000
GLYTYR1c_r,0,1000
GLYTYRabc,0,1000
GLYt2r_f,0,1000
GLYt2r_r,0,1000
GMPS2,0,1000
GPDDA1,0,1000
GPDDA2,0,1000
GPDDA4,0,1000
GRTT,0,1000
GTHS,0,1000
GTPCI,0,1000
GTPCII,0,1000
GTPDPK,0,1000
GUAD,0,1000
GUAPRT,0,1000
GUAt_f,0,1000
GUAt_r,0,1000
GUAt2,0,1000
GUI1_f,0,1000
GUI1_r,0,1000
GUI2_f,0,1000
GUI2_r,0,1000
H2CO3D_f,0,1000
H2CO3D_r,0,1000
H2Ot_f,0,1000
H2Ot_r,0,1000
H2St_f,0,1000
H2St_r,0,1000
H2td_f,0,1000
H2td_r,0,1000
HACD1_f,0,1000
HACD1_r,0,1000
HBZOPT,0,1000
HCITS,0,1000
HDCAtr_f,0,1000
HDCAtr_r,0,1000
HDG3PACT_f,0,1000
HDG3PACT_r,0,1000
HETT,0,1000
HETZK,0,1000
HEX1,0,1000
HEX4,0,1000
HEX7,0,1000
HEXSabc,0,1000
HEXTT,0,1000
HEXb,0,1000
HG2abc,0,1000
HISTD,0,1000
HISTDOX_f,0,1000
HISTDOX_r,0,1000
HISTLOX,0,1000
HISTP,0,1000
HISt2r_f,0,1000
HISt2r_r,0,1000
HKt,0,1000
HMBS,0,1000
HMPK1,0,1000
HPPK,0,1000
HSDx_f,0,1000
HSDx_r,0,1000
HSDy_f,0,1000
HSDy_r,0,1000
HSK,0,1000
HSST,0,1000
HSTPTr_f,0,1000
HSTPTr_r,0,1000
HXAND,0,1000
HXPRT,0,1000
HYD4,0,1000
HYXNti,0,1000
IAHDGK,0,1000
IAPDGK,0,1000
IBCOATA_f,0,1000
IBCOATA_r,0,1000
ICDHy,0,1000
ICHORS_f,0,1000
ICHORS_r,0,1000
ICHORT,0,1000
IG3PS,0,1000
IGPDH,0,1000
IGPS,0,1000
IHDCOATA_f,0,1000
IHDCOATA_r,0,1000
IHDGK,0,1000
IHDUDPG_f,0,1000
IHDUDPG_r,0,1000
IHDUDPMG_f,0,1000
IHDUDPMG_r,0,1000
IHPDCOATA_f,0,1000
IHPDCOATA_r,0,1000
IHXDGK,0,1000
ILETA_f,0,1000
ILETA_r,0,1000
ILEabc,0,1000
ILEt2r_f,0,1000
ILEt2r_r,0,1000
IMACTD,0,1000
IMPC_f,0,1000
IMPC_r,0,1000
IMPD,0,1000
INS2D,0,1000
INSt2_f,0,1000
INSt2_r,0,1000
IPDCOATA_f,0,1000
IPDCOATA_r,0,1000
IPDDI_f,0,1000
IPDDI_r,0,1000
IPDGK,0,1000
IPDPS,0,1000
IPDPS2,0,1000
IPFPHS,0,1000
IPMDr_f,0,1000
IPMDr_r,0,1000
IPPMIa_f,0,1000
IPPMIa_r,0,1000
IPPMIb_f,0,1000
IPPMIb_r,0,1000
ISETACabc,0,1000
ISOMALT,0,1000
ITDCOATA_f,0,1000
ITDCOATA_r,0,1000
ITDGK,0,1000
IVCOATA_f,0,1000
IVCOATA_r,0,1000
KARA1_f,0,1000
KARA1_r,0,1000
KARA2_f,0,1000
KARA2_r,0,1000
KARA3_f,0,1000
KARA3_r,0,1000
KAS14,0,1000
KAS_HP,0,1000
KESTOASEe,0,1000
KESTOPTASEe,0,1000
KESTOTTRASEe,0,1000
Kt1r_f,0,1000
Kt1r_r,0,1000
Kt3,0,1000
L2A6ODs,0,1000
LACZ,0,1000
LARGNAT_f,0,1000
LARGNAT_r,0,1000
LCTSabc,0,1000
LCYSTabc,0,1000
LDH_D_f,0,1000
LDH_D_r,0,1000
LDH_D2,0,1000
LDH_L_f,0,1000
LDH_L_r,0,1000
LEUTA_f,0,1000
LEUTA_r,0,1000
LEUabc,0,1000
LEUt2r_f,0,1000
LEUt2r_r,0,1000
LGTHL,0,1000
LPLIPAL1A120,0,1000
LPLIPAL1A140,0,1000
LPLIPAL1A141,0,1000
LPLIPAL1A160,0,1000
LPLIPAL1A161,0,1000
LPLIPAL1A180,0,1000
LPLIPAL1A181,0,1000
LPLIPAL1E120,0,1000
LPLIPAL1E140,0,1000
LPLIPAL1E141,0,1000
LPLIPAL1E160,0,1000
LPLIPAL1E161,0,1000
LPLIPAL1E180,0,1000
LPLIPAL1E181,0,1000
LPLIPAL1G120,0,1000
LPLIPAL1G140,0,1000
LPLIPAL1G141,0,1000
LPLIPAL1G160,0,1000
LPLIPAL1G161,0,1000
LPLIPAL1G180,0,1000
LPLIPAL1G181,0,1000
LPLIPAL2A120,0,1000
LPLIPAL2A140,0,1000
LPLIPAL2A141,0,1000
LPLIPAL2A160,0,1000
LPLIPAL2A161,0,1000
LPLIPAL2A180,0,1000
LPLIPAL2A181,0,1000
LPLIPAL2E120,0,1000
LPLIPAL2E140,0,1000
LPLIPAL2E141,0,1000
LPLIPAL2E160,0,1000
LPLIPAL2E161,0,1000
LPLIPAL2E180,0,1000
LPLIPAL2E181,0,1000
LPLIPAL2G120,0,1000
LPLIPAL2G140,0,1000
LPLIPAL2G141,0,1000
LPLIPAL2G160,0,1000
LPLIPAL2G161,0,1000
LPLIPAL2G180,0,1000
LPLIPAL2G181,0,1000
LYSDC,0,1000
L_AROND_f,0,1000
L_AROND_r,0,1000
L_LACD,0,1000
L_LACD2,0,1000
L_LACD3,0,1000
L_LACt2r_f,0,1000
L_LACt2r_r,0,1000
L_TRPCOO_f,0,1000
L_TRPCOO_r,0,1000
MADGBG_f,0,1000
MADGBG_r,0,1000
MALT,0,1000
MALT6PH,0,1000
MALTHXabc,0,1000
MALTTRabc,0,1000
MALTabc,0,1000
MALTpts,0,1000
MAN1PT2,0,1000
MAN6PI_f,0,1000
MAN6PI_r,0,1000
MAN6Pt6_2,0,1000
MANA4_f,0,1000
MANA4_r,0,1000
MANTRabc,0,1000
MANabc,0,1000
MANpts,0,1000
MBDGBG_f,0,1000
MBDGBG_r,0,1000
MCOATA_f,0,1000
MCOATA_r,0,1000
MDH_f,0,1000
MDH_r,0,1000
ME2,0,1000
MECDPDH2,0,1000
MECDPS,0,1000
MELIBabc,0,1000
MELIBt2r_f,0,1000
MELIBt2r_r,0,1000
MEOHt2_f,0,1000
MEOHt2_r,0,1000
MEPCT,0,1000
METALA1c_f,0,1000
METALA1c_r,0,1000
METALAabc,0,1000
METAT,0,1000
METDabc,0,1000
METFR_f,0,1000
METFR_r,0,1000
METS,0,1000
METSOX1abc,0,1000
METSOX2abc,0,1000
METabc,0,1000
MG2abc,0,1000
MGSA,0,1000
MGt5_f,0,1000
MGt5_r,0,1000
MK8t_f,0,1000
MK8t_r,0,1000
MLTG1,0,1000
MLTG2,0,1000
MLTG3,0,1000
MLTG4,0,1000
MLTG5,0,1000
MLTP1_f,0,1000
MLTP1_r,0,1000
MLTP2_f,0,1000
MLTP2_r,0,1000
MLTP3_f,0,1000
MLTP3_r,0,1000
MNLpts,0,1000
MNt2,0,1000
MOBDabc,0,1000
MOHMT,0,1000
MOPSabc,0,1000
MSO3abc,0,1000
MTAN,0,1000
MTHFC_f,0,1000
MTHFC_r,0,1000
MTHFD_f,0,1000
MTHFD_r,0,1000
MTHFD2_f,0,1000
MTHFD2_r,0,1000
MTHPTGHM,0,1000
N2t_f,0,1000
N2t_r,0,1000
NACt2r_f,0,1000
NACt2r_r,0,1000
NADH10,0,1000
NADH5,0,1000
NADH9,0,1000
NADK,0,1000
NADK2,0,1000
NADN,0,1000
NADS1,0,1000
NADS2,0,1000
NAPRT,0,1000
NAt3_1_f,0,1000
NAt3_1_r,0,1000
NCPTRCA,0,1000
NDPK1_f,0,1000
NDPK1_r,0,1000
NDPK2_f,0,1000
NDPK2_r,0,1000
NDPK3_f,0,1000
NDPK3_r,0,1000
NDPK4_f,0,1000
NDPK4_r,0,1000
NDPK5_f,0,1000
NDPK5_r,0,1000
NDPK6_f,0,1000
NDPK6_r,0,1000
NDPK7_f,0,1000
NDPK7_r,0,1000
NDPK8_f,0,1000
NDPK8_r,0,1000
NDPK9_f,0,1000
NDPK9_r,0,1000
NH4tb_f,0,1000
NH4tb_r,0,1000
NIT_n1p4,0,1000
NNAM,0,1000
NNATr,0,1000
NNDMBRT,0,1000
NNDPR,0,1000
NO2t2r_f,0,1000
NO2t2r_r,0,1000
NO3R1,0,1000
NO3R2,0,1000
NO3abc,0,1000
NP1_r_f,0,1000
NP1_r_r,0,1000
NP2MSUCCS,0,1000
NPHS,0,1000
NT5C,0,1000
NTD1,0,1000
NTD10,0,1000
NTD11,0,1000
NTD2,0,1000
NTD3,0,1000
NTD4,0,1000
NTD5,0,1000
NTD5_a,0,1000
NTD6,0,1000
NTD7,0,1000
NTD8,0,1000
NTD9,0,1000
NTPP7,0,1000
NTPTP1,0,1000
NTRIR2x,0,1000
NTRIR2y,0,1000
O16G1e,0,1000
O16G2e,0,1000
O2t_f,0,1000
O2t_r,0,1000
OBTFL,0,1000
OCBT_f,0,1000
OCBT_r,0,1000
OCDCAtr_f,0,1000
OCDCAtr_r,0,1000
OHPBAT_f,0,1000
OHPBAT_r,0,1000
OHPHM,0,1000
OIVD1r_f,0,1000
OIVD1r_r,0,1000
OIVD2,0,1000
OIVD3,0,1000
OMBZLM,0,1000
OMCDC,0,1000
OMMBLHX3,0,1000
OMPDC,0,1000
OMPHHX3,0,1000
OPHBDC,0,1000
OPHHX3,0,1000
ORNTAC_f,0,1000
ORNTAC_r,0,1000
OROTPT,0,1000
P5CRyr_f,0,1000
P5CRyr_r,0,1000
PAAI17P,0,1000
PACTH,0,1000
PAI17P,0,1000
PANTS,0,1000
PAPA180,0,1000
PAPPT2,0,1000
PAPPT3,0,1000
PBUTT_f,0,1000
PBUTT_r,0,1000
PBt,0,1000
PC11M,0,1000
PC17M,0,1000
PC20M,0,1000
PC6AR,0,1000
PC6YM,0,1000
PC8XM,0,1000
PDHc,0,1000
PECTIN_DEGe,0,1000
PEPGLY,0,1000
PFK,0,1000
PFK_2,0,1000
PFK_3,0,1000
PFL,0,1000
PGAMT_f,0,1000
PGAMT_r,0,1000
PGCDr_f,0,1000
PGCDr_r,0,1000
PGI_f,0,1000
PGI_r,0,1000
PGK_f,0,1000
PGK_r,0,1000
PGM_f,0,1000
PGM_r,0,1000
PGMT_f,0,1000
PGMT_r,0,1000
PGPGT_f,0,1000
PGPGT_r,0,1000
PGPP120,0,1000
PGPP140,0,1000
PGPP141,0,1000
PGPP160,0,1000
PGPP161,0,1000
PGPP180,0,1000
PGPP181,0,1000
PGPPAI15,0,1000
PGPPAI17,0,1000
PGPPI14,0,1000
PGPPI15,0,1000
PGPPI16,0,1000
PGPPI17,0,1000
PGSA120,0,1000
PGSA140,0,1000
PGSA141,0,1000
PGSA160,0,1000
PGSA161,0,1000
PGSA180,0,1000
PGSA181,0,1000
PGSAAI15,0,1000
PGSAAI17,0,1000
PGSAI14,0,1000
PGSAI15,0,1000
PGSAI16,0,1000
PGSAI17,0,1000
PHETA1_f,0,1000
PHETA1_r,0,1000
PHEt2r_f,0,1000
PHEt2r_r,0,1000
PHPB2i,0,1000
PIabc,0,1000
PIt6b_f,0,1000
PIt6b_r,0,1000
PIt7ir,0,1000
PLPS,0,1000
PMDPHT,0,1000
PMPK,0,1000
PMTCOATA_f,0,1000
PMTCOATA_r,0,1000
PNP_f,0,1000
PNP_r,0,1000
PNTK,0,1000
POR4_f,0,1000
POR4_r,0,1000
PPA,0,1000
PPAKr_f,0,1000
PPAKr_r,0,1000
PPBNGS,0,1000
PPCDC,0,1000
PPCKr_f,0,1000
PPCKr_r,0,1000
PPDK,0,1000
PPIt2e,0,1000
PPM_f,0,1000
PPM_r,0,1000
PPNCL3,0,1000
PPND,0,1000
PPND2,0,1000
PPNDH,0,1000
PPPGO3,0,1000
PRAGS,0,1000
PRAI_f,0,1000
PRAI_r,0,1000
PRAIS,0,1000
PRAMPC,0,1000
PRASCSi,0,1000
PRATPP,0,1000
PRFGS,0,1000
PRMICI_f,0,1000
PRMICI_r,0,1000
PRO1x,0,1000
PROabc,0,1000
PROt4r_f,0,1000
PROt4r_r,0,1000
PRPPS_f,0,1000
PRPPS_r,0,1000
PSCVT_f,0,1000
PSCVT_r,0,1000
PSD120,0,1000
PSD140,0,1000
PSD141,0,1000
PSD160,0,1000
PSD161,0,1000
PSD180,0,1000
PSD181,0,1000
PSDAI15,0,1000
PSDAI17,0,1000
PSDI14,0,1000
PSDI15,0,1000
PSDI16,0,1000
PSDI17,0,1000
PSERT,0,1000
PSP_L,0,1000
PSSA120,0,1000
PSSA140,0,1000
PSSA141,0,1000
PSSA160,0,1000
PSSA161,0,1000
PSSA180,0,1000
PSSA181,0,1000
PSSAAI15,0,1000
PSSAAI17,0,1000
PSSAI14,0,1000
PSSAI15,0,1000
PSSAI16,0,1000
PSSAI17,0,1000
PTA2,0,1000
PTAr_f,0,1000
PTAr_r,0,1000
PTPAT,0,1000
PTRCTA,0,1000
PTRCabc,0,1000
PUNP1_f,0,1000
PUNP1_r,0,1000
PUNP2_f,0,1000
PUNP2_r,0,1000
PUNP3_f,0,1000
PUNP3_r,0,1000
PUNP4_f,0,1000
PUNP4_r,0,1000
PUNP5_f,0,1000
PUNP5_r,0,1000
PUNP6_f,0,1000
PUNP6_r,0,1000
PUNP7_f,0,1000
PUNP7_r,0,1000
PYDAMK,0,1000
PYDXK,0,1000
PYDXNK,0,1000
PYK,0,1000
PYNP1r_f,0,1000
PYNP1r_r,0,1000
PYNP2r_f,0,1000
PYNP2r_r,0,1000
QULNS,0,1000
R05224,0,1000
RAFFabc,0,1000
RAFGH,0,1000
RAFH,0,1000
RB5PE_f,0,1000
RB5PE_r,0,1000
RBFK,0,1000
RBFSa,0,1000
RBFSb,0,1000
RBK,0,1000
RBK_D,0,1000
RBK_L1,0,1000
RBP4E_f,0,1000
RBP4E_r,0,1000
RHCCE,0,1000
RIBABCte,0,1000
RIBFLVt2r_f,0,1000
RIBFLVt2r_r,0,1000
RIBabc,0,1000
RNDR1,0,1000
RNDR2,0,1000
RNDR3,0,1000
RNDR4,0,1000
RNTR1,0,1000
RNTR2,0,1000
RNTR3,0,1000
RNTR4,0,1000
RPE_f,0,1000
RPE_r,0,1000
RPI_f,0,1000
RPI_r,0,1000
RZ5PP,0,1000
SADT,0,1000
SADT2,0,1000
SALCS2,0,1000
SALCpts,0,1000
SARCOX,0,1000
SBTDOX_f,0,1000
SBTDOX_r,0,1000
SBTpts,0,1000
SELNPS,0,1000
SERATi,0,1000
SERt2r_f,0,1000
SERt2r_r,0,1000
SGAT,0,1000
SHCHCC2,0,1000
SHCHD2,0,1000
SHCHF,0,1000
SHEMEabc,0,1000
SHK3Dr_f,0,1000
SHK3Dr_r,0,1000
SHKK,0,1000
SHSL2,0,1000
SHSL4r_f,0,1000
SHSL4r_r,0,1000
SNCOAT_f,0,1000
SNCOAT_r,0,1000
SO4t2_f,0,1000
SO4t2_r,0,1000
SPMDabc,0,1000
SPMS,0,1000
SPODM,0,1000
STCOATA_f,0,1000
STCOATA_r,0,1000
STYSGH_f,0,1000
STYSGH_r,0,1000
STYSabc,0,1000
SUCBZL,0,1000
SUCBZS,0,1000
SUCCt2r_f,0,1000
SUCCt2r_r,0,1000
SUCD1_f,0,1000
SUCD1_r,0,1000
SUCD4_f,0,1000
SUCD4_r,0,1000
SUCDi,0,1000
SUCR,0,1000
SUCpts,0,1000
SUDPDGT,0,1000
SUDPMGT,0,1000
SULFACabc,0,1000
TAGURr_f,0,1000
TAGURr_r,0,1000
TALA_f,0,1000
TALA_r,0,1000
TARTD,0,1000
TAURabc,0,1000
TDCOATA_f,0,1000
TDCOATA_r,0,1000
TDG3PACT_f,0,1000
TDG3PACT_r,0,1000
TDPDRE,0,1000
TDPDRRr_f,0,1000
TDPDRRr_r,0,1000
TDPGDH,0,1000
TECA1S180_f,0,1000
TECA1S180_r,0,1000
TECA1SAI17_f,0,1000
TECA1SAI17_r,0,1000
TECA1SI17_f,0,1000
TECA1SI17_r,0,1000
TECA2S180_f,0,1000
TECA2S180_r,0,1000
TECA2SAI17_f,0,1000
TECA2SAI17_r,0,1000
TECA2SI17_f,0,1000
TECA2SI17_r,0,1000
TECA3S140,0,1000
TECA3S160,0,1000
TECA3S180,0,1000
TECA3SAI15,0,1000
TECA3SAI17,0,1000
TECA3SI14,0,1000
TECA3SI15,0,1000
TECA3SI16,0,1000
TECA3SI17,0,1000
TECA4S_f,0,1000
TECA4S_r,0,1000
TECA5S140_f,0,1000
TECA5S140_r,0,1000
TECA5S160_f,0,1000
TECA5S160_r,0,1000
TECA5S180_f,0,1000
TECA5S180_r,0,1000
TECA5SAI15_f,0,1000
TECA5SAI15_r,0,1000
TECA5SAI17_f,0,1000
TECA5SAI17_r,0,1000
TECA5SI14_f,0,1000
TECA5SI14_r,0,1000
TECA5SI15_f,0,1000
TECA5SI15_r,0,1000
TECA5SI16_f,0,1000
TECA5SI16_r,0,1000
TECA5SI17_f,0,1000
TECA5SI17_r,0,1000
TECAAE_f,0,1000
TECAAE_r,0,1000
TECAGE_f,0,1000
TECAGE_r,0,1000
TECAUE_f,0,1000
TECAUE_r,0,1000
TEICH45_f,0,1000
TEICH45_r,0,1000
TGBPA_f,0,1000
TGBPA_r,0,1000
THIORDXi,0,1000
THMDt2r_f,0,1000
THMDt2r_r,0,1000
THMt3_f,0,1000
THMt3_r,0,1000
THRAi,0,1000
THRD_L,0,1000
THRPD,0,1000
THRS,0,1000
THRt2r_f,0,1000
THRt2r_r,0,1000
THZPSN,0,1000
TKT1_f,0,1000
TKT1_r,0,1000
TKT2_f,0,1000
TKT2_r,0,1000
TMDK1,0,1000
TMDPK,0,1000
TMDS,0,1000
TMK,0,1000
TMN,0,1000
TMPK,0,1000
TMPPP,0,1000
TPI_f,0,1000
TPI_r,0,1000
TRDRr_f,0,1000
TRDRr_r,0,1000
TRE6PH,0,1000
TREpts,0,1000
TRPS1,0,1000
TRPS2,0,1000
TRPS3,0,1000
TRPTA_f,0,1000
TRPTA_r,0,1000
TRPt2r_f,0,1000
TRPt2r_r,0,1000
TRSARr_f,0,1000
TRSARr_r,0,1000
TRSARry,0,1000
TSULabc,0,1000
TTDCAtr_f,0,1000
TTDCAtr_r,0,1000
TYRTA_f,0,1000
TYRTA_r,0,1000
TYRt2r_f,0,1000
TYRt2r_r,0,1000
UAAGDS,0,1000
UACMAMAT_f,0,1000
UACMAMAT_r,0,1000
UAG2E_f,0,1000
UAG2E_r,0,1000
UAG2EMA_f,0,1000
UAG2EMA_r,0,1000
UAG4E_f,0,1000
UAG4E_r,0,1000
UAGCVT_r_f,0,1000
UAGCVT_r_r,0,1000
UAGDP,0,1000
UAGPT2,0,1000
UAGPT3,0,1000
UAMAGS,0,1000
UAMAS,0,1000
UAPGR,0,1000
UDCPDP,0,1000
UDCPDPS,0,1000
UDPG4E_f,0,1000
UDPG4E_r,0,1000
UDPGDr_f,0,1000
UDPGDr_r,0,1000
UGLT_f,0,1000
UGLT_r,0,1000
UGMDDS,0,1000
UMPK_f,0,1000
UMPK_r,0,1000
UPP3MT,0,1000
UPP3S,0,1000
UPPDC1,0,1000
UPPN,0,1000
UPPRT,0,1000
URAt2,0,1000
UREAt_f,0,1000
UREAt_r,0,1000
URIDK3_f,0,1000
URIDK3_r,0,1000
URIK1,0,1000
URIK10,0,1000
URIK11,0,1000
URIK12,0,1000
URIK13,0,1000
URIK14,0,1000
URIK2,0,1000
URIK3,0,1000
URIK4,0,1000
URIK5,0,1000
URIK6,0,1000
URIK7,0,1000
URIK8,0,1000
URIK9,0,1000
URIt2r_f,0,1000
URIt2r_r,0,1000
UTPATPT_f,0,1000
UTPATPT_r,0,1000
VALTA_f,0,1000
VALTA_r,0,1000
VALabc,0,1000
VALt2r_f,0,1000
VALt2r_r,0,1000
XANt2,0,1000
XPPT,0,1000
XYLI1_f,0,1000
XYLI1_r,0,1000
XYLK,0,1000
XYLabc,0,1000
XYLt_f,0,1000
XYLt_r,0,1000
YUMPS_f,0,1000
YUMPS_r,0,1000
ZNabc,0,1000
dreplication,0,1000
pbiosynthesis,0,1000
r0060,0,1000
r0082,0,1000
r0120,0,1000
r0127,0,1000
r0339,0,1000
r0345_f,0,1000
r0345_r,0,1000
r0392_f,0,1000
r0392_r,0,1000
r0422_f,0,1000
r0422_r,0,1000
r0502,0,1000
r0570_f,0,1000
r0570_r,0,1000
r0671,0,1000
r0708,0,1000
r0775,0,1000
r0777,0,1000
r0792_f,0,1000
r0792_r,0,1000
r1144,0,1000
r1162,0,1000
r2137_f,0,1000
r2137_r,0,1000
rtranscription,0,1000
sink_PGPm1_c_f,0,1000
sink_PGPm1_c_r,0,1000
biomass013,0,1000
